id,name_en-GB,name_de-DE,name_ch-DE,name_nl-NL,country_id,state_id,region_id,location_tour32,status,cid_primarix,id_primarix
1,Abel Tasman National Park,Abel Tasman Nationalpark,Abel Tasman Nationalpark,Abel Tasman National Park,188,,1,6,active,,3362
2,Abu Dhabi,Abu Dhabi,Abu Dhabi,Abu Dhabi,82,,,8,active,,115310
3,"Abu Dhabi, Saadiyat Island","Abu Dhabi, Saadiyat Island","Abu Dhabi, Saadiyat Island","Abu Dhabi, Saadiyat Island",82,,,8,active,,
4,Acheson,Acheson,Acheson,Acheson,182,2,,,active,,
5,Adamstown,Adamstown,Adamstown,Adamstown,199,,,2705,active,,
6,,Addis Abeba,Addis Abeba,Abel Tasman National Park,2,,,,active,,121822
7,Addo Elephant Nationalpark,Addo Elephant Nationalpark,Addo Elephant Nationalpark,Addo Elephant Nationalpark,37,10,39,13,active,,
8,Adelaide,Adelaide,Adelaide,Adelaide,186,77,131,14,active,,3333
9,Adelaide River,Adelaide River,Adelaide River,Adelaide River,186,55,149,1279,active,,
10,"Adelaide, Glenelg","Adelaide, Glenelg","Adelaide, Glenelg","Adelaide, Glenelg",186,77,131,14,active,,
11,"Adelaide, North Plympton","Adelaide, North Plympton","Adelaide, North Plympton","Adelaide, North Plympton",186,77,,,active,,
12,"Adelaide, Parafield Gardens","Adelaide, Parafield Gardens","Adelaide, Parafield Gardens","Adelaide, Parafield Gardens",186,77,,,active,,
13,Adelaide-Somerton Park,Adelaide-Somerton Park,Adelaide-Somerton Park,Adelaide-Somerton Park,,77,,,active,,
14,Adelaide-Torrensville,Adelaide-Torrensville,Adelaide-Torrensville,Adelaide-Torrensville,,77,,,active,,
15,Agnes Water,Agnes Water,Agnes Water,Agnes Water,186,63,130,17,active,,
16,Aguas Calientes,Aguas Calientes,Aguas Calientes,Aguas Calientes,178,,25,19,active,,
17,Aireys,Aireys,Aireys,Aireys,186,95,43,22,active,,
18,Airlie Beach,Airlie Beach,Airlie Beach,Airlie Beach,186,63,130,23,active,,3346
19,"Airport Industrial, Cape Town","Airport Industrial, Cape Town","Airport Industrial, Cape Town","Airport Industrial, Cape Town",37,99,,,active,,
20,Aitutaki,Aitutaki,Aitutaki,Aitutaki,190,,2,25,active,,
21,Akanin’ny Nofy,Akanin’ny Nofy,Akanin’ny Nofy,Akanin’ny Nofy,22,,,28,active,,
22,Christchurch,Akaroa,Akaroa,Akaroa,188,81,19,29,active,,115255
23,Akaroa (Christchurch),Akaroa (Christchurch),Akaroa (Christchurch),Akaroa (Christchurch),188,81,19,29,active,,
24,Albany,Albany,Albany,Albany,186,98,142,38,active,,
25,Albury,Albury,Albury,Albury,186,49,128,42,active,,
26,Aleipata,Aleipata,Aleipata,Aleipata,200,92,,2510,active,,
27,Alice Springs,Alice Springs,Alice Springs,Alice Springs,186,55,119,44,active,,3336
28,"Alice Springs, Ciccone","Alice Springs, Ciccone","Alice Springs, Ciccone","Alice Springs, Ciccone",,,,,active,,
29,Alofi,Alofi,Alofi,Alofi,217,,,1686,active,,
30,"Alotau, Milne Bay Province","Alotau, Milne Bay Province","Alotau, Milne Bay Province","Alotau, Milne Bay Province",198,,,1501,active,,
31,Alpen,Alpen,Alpen,Alpen,105,,,,active,,
32,Alphonse Island,Alphonse Island,Alphonse Island,Alphonse Island,52,,,49,active,,
33,"Alva Beach, Ayr","Alva Beach, Ayr","Alva Beach, Ayr","Alva Beach, Ayr",186,63,,,active,,
34,Amakhala Game Reserve,Amakhala Game Reserve,Amakhala Game Reserve,Amakhala Game Reserve,37,10,39,55,active,,
35,Amboseli Nationalpark,Amboseli Nationalpark,Amboseli Nationalpark,Amboseli Nationalpark,17,,,57,active,,
36,Amphur Kohkood,Amphur Kohkood,Amphur Kohkood,Amphur Kohkood,79,,47,1116,active,,
37,Amuri,Amuri,Amuri,Amuri,190,1,2,25,active,,
38,,Anchorage,,,205,,,,active,,121461
39,Andasibe,Andasibe,Andasibe,Andasibe,22,,,67,active,,
40,Anglesea,Anglesea,Anglesea,Anglesea,186,95,43,,active,,
41,Anse La Raie,Anse La Raie,Anse La Raie,Anse La Raie,51,,91,1449,active,,
42,Antananarivo,Antananarivo,Antananarivo,Antananarivo,22,,,72,active,,3541
43,Aore Island,Aore Island,Aore Island,Aore Island,204,13,,626,active,,
44,Apia,Apia,Apia,Apia,200,92,,2510,active,,3507
45,Apollo Bay,Apollo Bay,Apollo Bay,Apollo Bay,186,95,43,79,active,,
46,Arequipa,Arequipa,Arequipa,Arequipa,178,,140,84,active,,3815
47,,Arica,Arica,Arica,172,,,,active,,3798
48,Arkaroola Village,Arkaroola Village,Arkaroola Village,Arkaroola Village,186,77,35,665,active,,
49,Armação de Búzios - RJ,Armação de Búzios - RJ,Armação de Búzios - RJ,Armação de Búzios - RJ,171,68,15,294,active,,
50,Arnhemland,Arnhemland,Arnhemland,Arnhemland,186,55,,,active,,
51,Aroa Beach,Aroa Beach,Aroa Beach,Aroa Beach,190,66,117,2029,active,,
52,Arorangi,Arorangi,Arorangi,Arorangi,190,66,117,2029,active,,
53,,Aruba,Aruba,,178,,,,active,,121342
54,Arue,Arue,Arue,Arue,192,83,144,2347,active,,
55,Arusha,Arusha,Arusha,Arusha,38,,,94,active,,3529
56,Asau,Asau,Asau,Asau,200,73,,2190,active,,
57,Asheville,Asheville,Asheville,Asheville,184,52,,97,active,,
58,Atherton,Atherton,Atherton,Atherton,186,63,150,106,active,,
59,Atherton Tablelands,Atherton Tablelands,Atherton Tablelands,Atherton Tablelands,186,63,150,106,active,,
60,Atiu,Atiu,Atiu,Atiu,190,,6,107,active,,
61,,Atlanta,,,184,,,,active,,121447
62,Atuona,Atuona,Atuona,Atuona,192,25,79,882,active,,
63,Auckland,Auckland,Auckland,Auckland,188,51,7,112,in review,,3345
64,Auckland (Dairy Flat),Auckland (Dairy Flat),Auckland (Dairy Flat),Auckland (Dairy Flat),188,,,,active,,
65,Auckland Airport,Auckland Airport,Auckland Airport,Auckland Airport,188,51,7,112,active,,
66,Auckland Airport (Mangere),Auckland Airport (Mangere),Auckland Airport (Mangere),Auckland Airport (Mangere),188,,,,active,,
67,"Auckland, Parnell","Auckland, Parnell","Auckland, Parnell","Auckland, Parnell",188,,,,active,,
68,"Auckland, Penrose","Auckland, Penrose","Auckland, Penrose","Auckland, Penrose",188,,,,active,,
69,"Auckland, Waiheke Island","Auckland, Waiheke Island","Auckland, Waiheke Island","Auckland, Waiheke Island",188,,,,active,,
70,Auckland-Mangere,Auckland-Mangere,Auckland-Mangere,Auckland-Mangere,188,,,,active,,
71,Aufaga,Aufaga,Aufaga,Aufaga,200,92,,2510,active,,
72,Augrabies Falls Nationalpark,Augrabies Falls Nationalpark,Augrabies Falls Nationalpark,Augrabies Falls Nationalpark,37,54,98,113,active,,
73,,Augusta,Augusta,Augusta,186,,,,active,,121850
74,Aus,Aus,Aus,Aus,28,,127,116,active,,
75,Avatoru,Avatoru,Avatoru,Avatoru,192,65,116,2026,active,,
76,Awanui,Awanui,Awanui,Awanui,188,51,99,118,active,,
77,Ayers Rock,Ayers Rock,Ayers Rock,Ayers Rock,186,,,,active,,3339
78,Ayers Rock Resort (Yulara),Ayers Rock Resort (Yulara),Ayers Rock Resort (Yulara),Ayers Rock Resort (Yulara),186,55,119,119,active,,
79,"Ayllu de Quitor, San Pedro de Atacama","Ayllu de Quitor, San Pedro de Atacama","Ayllu de Quitor, San Pedro de Atacama","Ayllu de Quitor, San Pedro de Atacama",172,,5,2150,active,,
80,,Ayr,,Ayr,186,,,,active,,115238
81,Baa Atoll,Baa Atoll,Baa Atoll,Baa Atoll,50,,,1360,active,,
82,Babanango Game Reserve,Babanango Game Reserve,Babanango Game Reserve,Babanango Game Reserve,37,,169,122,active,,
83,Bagamoyo,Bagamoyo,Bagamoyo,Bagamoyo,38,,,126,active,,
84,Bagani,Bagani,Bagani,Bagani,28,,165,560,active,,
85,Bain Boeuf,Bain Boeuf,Bain Boeuf,Bain Boeuf,51,,91,1449,active,,
86,Balaclava,Balaclava,Balaclava,Balaclava,51,,91,1449,active,,
87,Darwin,Bali,,Darwin,60,,,,active,,57742
88,Ballarat,Ballarat,Ballarat,Ballarat,186,95,134,137,active,,
89,Ballina,Ballina,Ballina,Ballina,186,49,,,active,,
90,Ballito,Ballito,Ballito,Ballito,37,33,132,139,active,,
91,Balmaceda,Balmaceda,Balmaceda,Balmaceda,172,,,,active,,3804
92,,Baltra,Baltra,Baltra,173,,,,active,,3824
93,Balule Private Nature Reserve,Balule Private Nature Reserve,Balule Private Nature Reserve,Balule Private Nature Reserve,37,35,64,143,active,,
94,,Bangalore,Bangalore,,59,,,,active,,4136
95,Bangkok,Bangkok,Bangkok,Bangkok,79,,8,149,active,,4114
96,Bantry Bay,Bantry Bay,Bantry Bay,Bantry Bay,37,,55,1033,active,,
97,,Barcelona,,,105,,,,active,,121923
98,,Bariloche,,Bariloche,169,,,,active,,84119
99,Barossa Valley,Barossa Valley,Barossa Valley,Barossa Valley,186,77,131,160,active,,122141
100,"Barossa Valley, Lyndoch","Barossa Valley, Lyndoch","Barossa Valley, Lyndoch","Barossa Valley, Lyndoch",186,77,131,160,active,,
101,"Barossa Valley, Marananga","Barossa Valley, Marananga","Barossa Valley, Marananga","Barossa Valley, Marananga",186,77,131,160,active,,
102,"Barossa Valley, Tanunda","Barossa Valley, Tanunda","Barossa Valley, Tanunda","Barossa Valley, Tanunda",186,77,131,160,active,,
103,"Barranco, Lima","Barranco, Lima","Barranco, Lima","Barranco, Lima",178,,,1272,active,,
104,"Barrio Brasil, Santiago de Chile","Barrio Brasil, Santiago de Chile","Barrio Brasil, Santiago de Chile","Barrio Brasil, Santiago de Chile",172,,,2169,active,,
105,"Batchelor, Litchfield NP","Batchelor, Litchfield NP","Batchelor, Litchfield NP","Batchelor, Litchfield NP",186,55,149,1279,active,,
106,Bay of Islands,Bay of Islands,Bay of Islands,Bay of Islands,188,,,,active,,
107,Bazaruto Archipel,Bazaruto Archipel,Bazaruto Archipel,Bazaruto Archipel,27,,,171,active,,
108,Beachcomber Island,Beachcomber Island,Beachcomber Island,Beachcomber Island,191,,76,1370,active,,
109,Bedarra Island,Bedarra Island,Bedarra Island,Bedarra Island,186,63,42,175,active,,
110,,Beira,Beira,Beira,27,,,,active,,121855
111,Bel Ombre,Bel Ombre,Bel Ombre,Bel Ombre,51,,139,1449,active,,
112,,Belize City,Belize City,Belize City,160,,,,active,,122042
113,"Bella Vista, Sydney","Bella Vista, Sydney","Bella Vista, Sydney","Bella Vista, Sydney",186,49,,,active,,
114,Belle Mare,Belle Mare,Belle Mare,Belle Mare,51,,105,1449,active,,
115,,Belo Horizonte,Belo Horizonte,,171,,,,active,,121473
116,,Belém,Belem,,178,,,,active,,121491
117,Bendigo,Bendigo,Bendigo,Bendigo,186,95,134,,active,,
118,Beqa Lagoon,Beqa Lagoon,Beqa Lagoon,Beqa Lagoon,191,,154,,active,,
119,Beruwala,Beruwala,Beruwala,Beruwala,76,,,459,active,,
120,Bibra Lake DC,Bibra Lake DC,Bibra Lake DC,Bibra Lake DC,186,98,,,active,,
121,Bicheno,Bicheno,Bicheno,Bicheno,186,85,133,201,active,,
122,Billingurr (Broome),Billingurr (Broome),Billingurr (Broome),Billingurr (Broome),186,98,,,active,,
123,Binalong Bay,Binalong Bay,Binalong Bay,Binalong Bay,186,85,133,2288,active,,
124,Binjai,Binjai,Binjai,Binjai,60,79,,,active,,
125,Bird Island,Bird Island,Bird Island,Bird Island,52,,,216,active,,
126,Bitte geben Sie hier den Ort ein.,Bitte geben Sie hier den Ort ein.,Bitte geben Sie hier den Ort ein.,Bitte geben Sie hier den Ort ein.,188,58,,,active,,
127,Blackheath,Blackheath,Blackheath,Blackheath,186,49,11,228,active,,
128,Blantyre,Blantyre,Blantyre,Blantyre,23,,,,active,,122072
129,Blenheim,Blenheim,Blenheim,Blenheim,188,81,78,225,active,,3496
130,Bluff,Bluff,Bluff,Bluff,188,,,,active,,3365
131,Boca Tapada,Boca Tapada,Boca Tapada,Boca Tapada,161,,12,232,in review,,122051
132,Bocas del Toro,Bocas del Toro,Bocas del Toro,Bocas del Toro,168,,108,,active,,122037
133,Bogota,Bogota,Bogota,Bogota,176,,13,234,active,,37987
134,Bora Bora,Bora Bora,Bora Bora,Bora Bora,192,6,14,243,active,,3500
135,"Bora Bora, near Matira Beach","Bora Bora, near Matira Beach","Bora Bora, near Matira Beach","Bora Bora, near Matira Beach",192,6,14,243,active,,
136,,Boston,,,184,,,,active,,121446
137,Boydtown (Eden),Boydtown (Eden),Boydtown (Eden),Boydtown (Eden),186,49,128,597,active,,
138,BP 185 Maharepo,BP 185 Maharepo,BP 185 Maharepo,BP 185 Maharepo,192,44,84,1548,active,,
139,Bradenton,Bradenton,Bradenton,Bradenton,184,16,,255,active,,
140,Bredene,Bredene,Bredene,Bredene,100,,,,active,,
141,,Bremer Bay,Bremer Bay,Augusta,186,,,,active,,122142
142,Bright,Bright,Bright,Bright,186,95,134,266,active,,
143,Brighton,Brighton,Brighton,Brighton,186,85,,,active,,
144,Brisbane,Brisbane,Brisbane,Brisbane,186,63,130,267,active,,3337
145,"Brisbane, Eagle Farm","Brisbane, Eagle Farm","Brisbane, Eagle Farm","Brisbane, Eagle Farm",186,63,,,active,,
146,"Brisbane, Geebung","Brisbane, Geebung","Brisbane, Geebung","Brisbane, Geebung",186,63,,,active,,
147,"Brisbane, Hendra","Brisbane, Hendra","Brisbane, Hendra","Brisbane, Hendra",186,63,,,active,,
148,"Brisbane, Northgate","Brisbane, Northgate","Brisbane, Northgate","Brisbane, Northgate",186,63,,,active,,
149,"Brisbane, Virginia","Brisbane, Virginia","Brisbane, Virginia","Brisbane, Virginia",186,63,,,active,,
150,Brisbane-Eagle Creek,Brisbane-Eagle Creek,Brisbane-Eagle Creek,Brisbane-Eagle Creek,186,63,,,active,,
151,Broken Hill,Broken Hill,Broken Hill,Broken Hill,186,49,128,269,active,,82187
152,Broome,Broome,Broome,Broome,186,98,162,272,active,,3331
153,"Broome, Yardoogarra","Broome, Yardoogarra","Broome, Yardoogarra","Broome, Yardoogarra",186,98,135,272,active,,
154,Bruny Island,Bruny Island,Bruny Island,Bruny Island,186,85,,,active,,
155,,Brussel,Brussel,Brussel,188,,,,active,,3519
156,,Bucaramanga,Bucaramanga,,176,,,,active,,121863
157,Buenos Aires,Buenos Aires,Buenos Aires,Buenos Aires,169,,16,278,active,,3795
158,Buenos Aires nahe Zentrum,Buenos Aires nahe Zentrum,Buenos Aires nahe Zentrum,Buenos Aires nahe Zentrum,169,,16,278,active,,
159,Buenos Aires Stadtteil Recoleta,Buenos Aires Stadtteil Recoleta,Buenos Aires Stadtteil Recoleta,Buenos Aires Stadtteil Recoleta,169,,16,278,active,,
160,,Bullo River Station,Bullo River Station,,186,,,,active,,82190
161,Airlie Beach,Bundaberg,Bundaberg,Bundaberg,186,63,,,active,,121865
162,"Bundaberg, Sharon","Bundaberg, Sharon","Bundaberg, Sharon","Bundaberg, Sharon",186,63,130,285,active,,
163,Burnside (Christchurch),Burnside (Christchurch),Burnside (Christchurch),Burnside (Christchurch),188,,,,active,,
164,Busselton,Busselton,Busselton,Busselton,186,98,142,292,active,,
165,Buzios,Buzios,Buzios,Buzios,171,,118,294,active,,
166,Bwabwata Nationalpark,Bwabwata Nationalpark,Bwabwata Nationalpark,Bwabwata Nationalpark,28,,165,295,active,,
167,Byron Bay,Byron Bay,Byron Bay,Byron Bay,186,49,128,296,active,,
168,Cairns,Cairns,Cairns,Cairns,186,63,150,305,active,,3332
169,Cairns Airport,Cairns Airport,Cairns Airport,Cairns Airport,186,63,,,active,,
170,"Cairns, Edmonton","Cairns, Edmonton","Cairns, Edmonton","Cairns, Edmonton",186,63,,,active,,
171,Cairns-Portsmith,Cairns-Portsmith,Cairns-Portsmith,Cairns-Portsmith,186,63,,,active,,
172,,Cajamarca,,,178,,,,active,,119553
173,Calama,Calama,Calama,Calama,172,,,,active,,3799
174,Calgary,Calgary,Calgary,Calgary,182,2,,,active,,121460
175,Calodyne,Calodyne,Calodyne,Calodyne,51,,91,1449,active,,
176,Camberwell,Camberwell,Camberwell,Camberwell,186,,,,active,,
177,Cambridge,Cambridge,Cambridge,Cambridge,186,85,,,active,,
178,Cambridge (Hobart),Cambridge (Hobart),Cambridge (Hobart),Cambridge (Hobart),186,85,,,active,,
179,,Campbell River (Vancouver Island),,,182,,,,active,,121469
180,,Campo Grande,,Campo Grande,171,,,,active,,60639
181,Canberra,Canberra,Canberra,Canberra,186,3,18,329,active,,
182,"Canberra, Barton","Canberra, Barton","Canberra, Barton","Canberra, Barton",186,3,18,329,active,,
183,,Cancun,Cancun,Cancun,166,,,,active,,121954
184,"Candi Dasa, Sengkidu, Karangasem, Kabupaten Karangasem,","Candi Dasa, Sengkidu, Karangasem, Kabupaten Karangasem,","Candi Dasa, Sengkidu, Karangasem, Kabupaten Karangasem,","Candi Dasa, Sengkidu, Karangasem, Kabupaten Karangasem,",60,4,,332,active,,
185,Canning Vale,Canning Vale,Canning Vale,Canning Vale,186,98,,,active,,
186,Cannonvale,Cannonvale,Cannonvale,Cannonvale,186,63,,,active,,
187,,Cape Jervis,,,186,,,,active,,84123
188,Cape Leveque,Cape Leveque,Cape Leveque,Cape Leveque,186,98,59,348,active,,
189,Cape Maclear,Cape Maclear,Cape Maclear,Cape Maclear,23,,74,349,active,,
190,Cape Range Nationalpark,Cape Range Nationalpark,Cape Range Nationalpark,Cape Range Nationalpark,186,98,135,644,active,,
191,Cape St. Francis,Cape St. Francis,Cape St. Francis,Cape St. Francis,37,10,39,2286,active,,
192,Cape Town,Cape Town,Cape Town,Cape Town,37,99,,,active,,
193,"Cape Town, Airport City","Cape Town, Airport City","Cape Town, Airport City","Cape Town, Airport City",37,,,,active,,
194,"Cape Town, Paarden Eiland","Cape Town, Paarden Eiland","Cape Town, Paarden Eiland","Cape Town, Paarden Eiland",37,99,,,active,,
195,"Cape Town, V&A Waterfront","Cape Town, V&A Waterfront","Cape Town, V&A Waterfront","Cape Town, V&A Waterfront",37,,,,active,,
196,Cape Tribulation,Cape Tribulation,Cape Tribulation,Cape Tribulation,186,63,150,352,active,,
197,"Cape Tribulation, Diwan","Cape Tribulation, Diwan","Cape Tribulation, Diwan","Cape Tribulation, Diwan",186,63,150,,active,,
198,,Caracas,Caracas,,181,,,,active,,121492
199,Cartagena,Cartagena,Cartagena,Cartagena,176,,,365,active,,37988
200,Casablanca,Casablanca,Casablanca,Casablanca,172,,,2076,active,,
201,"Case Noyale, Le Morne","Case Noyale, Le Morne","Case Noyale, Le Morne","Case Noyale, Le Morne",51,,139,1449,active,,
202,Castaway Island,Castaway Island,Castaway Island,Castaway Island,191,38,76,1370,active,,
203,Castro,Castro,Castro,Castro,172,,123,368,active,,
204,"Castro, Chiloe","Castro, Chiloe","Castro, Chiloe","Castro, Chiloe",172,,,368,active,,
205,Catlins,Catlins,Catlins,Catlins,188,81,106,369,active,,121803
206,"Caylloma, Valle del Colca","Caylloma, Valle del Colca","Caylloma, Valle del Colca","Caylloma, Valle del Colca",178,,140,455,active,,
207,Central Kalahari,Central Kalahari,Central Kalahari,Central Kalahari,5,,52,1009,active,,
208,Central Kalahari Game Reserve,Central Kalahari Game Reserve,Central Kalahari Game Reserve,Central Kalahari Game Reserve,5,,52,1009,active,,
209,Ceres,Ceres,Ceres,Ceres,37,99,132,380,active,,
210,Cerf Island,Cerf Island,Cerf Island,Cerf Island,52,,,381,active,,
211,"Cerro Alegre, Valparaiso","Cerro Alegre, Valparaiso","Cerro Alegre, Valparaiso","Cerro Alegre, Valparaiso",172,,121,2523,active,,
212,"Cerro Concepcion, Valparaiso","Cerro Concepcion, Valparaiso","Cerro Concepcion, Valparaiso","Cerro Concepcion, Valparaiso",172,,121,2523,active,,
213,Cervantes,Cervantes,Cervantes,Cervantes,186,98,162,384,active,,
214,Chale Island,Chale Island,Chale Island,Chale Island,17,,,1523,active,,
215,Chamarel,Chamarel,Chamarel,Chamarel,51,,139,1449,active,,
216,Charleston,Charleston,Charleston,Charleston,184,78,,387,active,,
217,Charlotte,Charlotte,Charlotte,Charlotte,184,52,,388,active,,121726
218,Chatham Islands,Chatham Islands,Chatham Islands,Chatham Islands,188,,88,394,active,,
219,,Chennai,Chennai,,59,,,,active,,4133
220,Chiang Mai,Chiang Mai,Chiang Mai,Chiang Mai,79,,20,403,active,,4120
221,Chiang Rai,Chiang Rai,Chiang Rai,Chiang Rai,79,,20,404,active,,4123
222,,Chicago,,,184,,,,active,,121445
223,,Chiclayo,Chiclayo,Abel Tasman National Park,178,,,,active,,3813
224,Chinteche,Chinteche,Chinteche,Chinteche,23,,74,416,active,,
225,Chintsa East,Chintsa East,Chintsa East,Chintsa East,37,10,132,418,active,,
226,Chobe Nationalpark,Chobe Nationalpark,Chobe Nationalpark,Chobe Nationalpark,5,,21,423,active,,
227,Chobe Nationalpark/Kasane,Chobe Nationalpark/Kasane,Chobe Nationalpark/Kasane,Chobe Nationalpark/Kasane,5,,21,423,active,,
228,Christchurch,Christchurch,Christchurch,Christchurch,188,81,19,424,active,,3353
229,Christchurch Airport,Christchurch Airport,Christchurch Airport,Christchurch Airport,188,,,,active,,
230,Christchurch Airport (Harewood),Christchurch Airport (Harewood),Christchurch Airport (Harewood),Christchurch Airport (Harewood),188,,,,active,,
231,"Christchurch, Mustang Park","Christchurch, Mustang Park","Christchurch, Mustang Park","Christchurch, Mustang Park",188,,,,active,,
232,Christchurch-Harewood,Christchurch-Harewood,Christchurch-Harewood,Christchurch-Harewood,188,,,,active,,
233,Christmas Island,Christmas Island,Christmas Island,Christmas Island,186,,,425,active,,
234,Cilaos,Cilaos,Cilaos,Cilaos,49,,,430,active,,
235,,Cincinnati,,,184,,,,active,,121561
236,Clanwilliam,Clanwilliam,Clanwilliam,Clanwilliam,37,99,132,432,active,,
237,Clare,Clare,Clare,Clare,186,77,131,433,active,,
238,Clyde,Clyde,Clyde,Clyde,188,,,438,active,,122098
239,"Clyde, Central Otago","Clyde, Central Otago","Clyde, Central Otago","Clyde, Central Otago",188,81,106,438,active,,
240,Cobbold Gorge (via Forsayth),Cobbold Gorge (via Forsayth),Cobbold Gorge (via Forsayth),Cobbold Gorge (via Forsayth),186,63,107,441,active,,
241,Cochabamba,Cochabamba,Cochabamba,Cochabamba,170,,,444,active,,119552
242,,Cochin,Cochin,,59,,,,active,,4135
243,,Cody,,,184,,,,active,,121456
244,Coffs Harbour,Coffs Harbour,Coffs Harbour,Coffs Harbour,186,49,128,453,active,,
245,Colchani,Colchani,Colchani,Colchani,170,,4,2518,active,,
246,Coles Bay,Coles Bay,Coles Bay,Coles Bay,186,85,37,707,active,,
247,"Coles Bay, Freycinet","Coles Bay, Freycinet","Coles Bay, Freycinet","Coles Bay, Freycinet",186,85,37,707,active,,
248,"Collingwood, Golden Bay","Collingwood, Golden Bay","Collingwood, Golden Bay","Collingwood, Golden Bay",188,,,6,active,,
249,Colombo,Colombo,Colombo,Colombo,76,,,459,active,,8873
250,,Columbia Icefield,,,182,,,,active,,121587
251,,Comodoro Rivadivia,Comodoro Rivadivia,Trelew,169,,,,active,,122151
252,Constantia,Constantia,Constantia,Constantia,37,,,,active,,
253,Coober Pedy,Coober Pedy,Coober Pedy,Coober Pedy,186,77,131,466,active,,115752
254,Cooinda,Cooinda,Cooinda,Cooinda,186,55,,,active,,
255,Cooktown,Cooktown,Cooktown,Cooktown,186,63,150,467,active,,
256,"Cooktown, Helenvale","Cooktown, Helenvale","Cooktown, Helenvale","Cooktown, Helenvale",186,63,150,467,active,,
257,Coorong National Park,Coorong National Park,Coorong National Park,Coorong National Park,186,77,131,,active,,
258,Coral Bay,Coral Bay,Coral Bay,Coral Bay,186,98,162,473,active,,3356
259,"Coral Coast, Viti Levu","Coral Coast, Viti Levu","Coral Coast, Viti Levu","Coral Coast, Viti Levu",191,,154,2554,active,,
260,,Cordoba,Cordoba,Trelew,169,,,,active,,122067
261,"Corlette, Port Stephens","Corlette, Port Stephens","Corlette, Port Stephens","Corlette, Port Stephens",186,49,128,1934,active,,
262,,Coromandel Halbinsel,Coromandel Halbinsel,,188,,,,active,,3544
263,,Corroboree Billabong,Corroboree Billabong,Corroboree Billabong,186,,,,active,,122052
264,Cowes,Cowes,Cowes,Cowes,186,95,134,,active,,
265,Cradle Mountain Nationalpark,Cradle Mountain Nationalpark,Cradle Mountain Nationalpark,Cradle Mountain Nationalpark,186,85,24,489,active,,
266,Cuiaba,Cuiaba,Cuiaba,Cuiaba,171,,110,503,active,,121470
267,Culver City,Culver City,Culver City,Culver City,184,31,,,active,,
268,Cusco,Cusco,Cusco,Cusco,178,,25,511,active,,3817
269,,Cuvu,Abel Tasman Nationalpark,Cuvu,191,,,,active,,122082
270,"Cygnet River, Kangaroo Island","Cygnet River, Kangaroo Island","Cygnet River, Kangaroo Island","Cygnet River, Kangaroo Island",186,77,,,active,,
271,"Daintree Nationalpark, Cape Tribulation","Daintree Nationalpark, Cape Tribulation","Daintree Nationalpark, Cape Tribulation","Daintree Nationalpark, Cape Tribulation",186,63,150,352,active,,
272,"Daintree Nationalpark, Cow Bay","Daintree Nationalpark, Cow Bay","Daintree Nationalpark, Cow Bay","Daintree Nationalpark, Cow Bay",186,63,150,352,active,,
273,,Dallas,,,184,,,,active,,121559
274,Dampier Peninsula,Dampier Peninsula,Dampier Peninsula,Dampier Peninsula,186,98,59,348,active,,
275,Danang City,Danang City,Danang City,Danang City,83,,46,519,active,,
276,Dar es Salaam,Dar es Salaam,Dar es Salaam,Dar es Salaam,38,,,,active,,3531
277,Dartmouth,Dartmouth,Dartmouth,Dartmouth,182,56,,,active,,
278,Darwin,Darwin,Darwin,Darwin,186,55,149,525,active,,3338
279,Darwin Airport,Darwin Airport,Darwin Airport,Darwin Airport,186,55,,,active,,
280,"Darwin, Winnellie","Darwin, Winnellie","Darwin, Winnellie","Darwin, Winnellie",186,55,,,active,,
281,Darwin-Pinelands,Darwin-Pinelands,Darwin-Pinelands,Darwin-Pinelands,186,55,,,active,,
282,Darwin-Winnelie,Darwin-Winnelie,Darwin-Winnelie,Darwin-Winnelie,186,55,,,active,,
283,,David,David,,168,,,,active,,122070
284,Daydream Island,Daydream Island,Daydream Island,Daydream Island,186,63,42,527,active,,121340
285,Daylesford,Daylesford,Daylesford,Daylesford,186,95,134,,active,,
286,De Hoop Nature Reserve,De Hoop Nature Reserve,De Hoop Nature Reserve,De Hoop Nature Reserve,37,99,39,532,active,,
287,De Kelders - Gansbaai,De Kelders - Gansbaai,De Kelders - Gansbaai,De Kelders - Gansbaai,37,99,132,533,active,,
288,,Delhi,Delhi,Delhi,59,,,,active,,4131
289,Delta,Delta,Delta,Delta,182,7,,,active,,
290,,Denali Nationalpark,,,205,,,,active,,121590
291,Denarau,Denarau,Denarau,Denarau,191,,,,active,,3506
292,Denarau Island,Denarau Island,Denarau Island,Denarau Island,191,96,154,2554,active,,
293,"Denarau Marina, Nadi","Denarau Marina, Nadi","Denarau Marina, Nadi","Denarau Marina, Nadi",191,,,,active,,
294,Denham,Denham,Denham,Denham,186,98,162,546,active,,121849
295,Denis Island,Denis Island,Denis Island,Denis Island,52,,,547,active,,
296,Denpasar,Denpasar,Denpasar,Abel Tasman National Park,60,,,136,active,,4129
297,Denver,Denver,Denver,Denver,184,9,,,active,,121443
298,,Derby,Derby,,186,,,,active,,121309
299,Desroches Island,Desroches Island,Desroches Island,Desroches Island,52,,,553,active,,
300,Germany,Deutschland,Deutschland,Duitsland,186,,,,in review,,3351
301,,Devonport,Devonport,,186,,,,active,,121734
302,Diani Beach,Diani Beach,Diani Beach,Diani Beach,17,,,1523,active,,
303,,Diego Suarez,,,22,,,,active,,119537
304,,Doubtful Sound,Doubtful Sound,,188,,,,active,,3493
305,Drakensberge,Drakensberge,Drakensberge,Drakensberge,37,33,27,571,in review,,
306,Drawaqa Island,Drawaqa Island,Drawaqa Island,Drawaqa Island,191,100,163,2666,active,,
307,Dubai,Dubai,Dubai,Dubai,82,,,575,active,,24575
308,"Duck, Outer Banks","Duck, Outer Banks","Duck, Outer Banks","Duck, Outer Banks",184,52,,1781,active,,
309,Dunedin,Dunedin,Dunedin,Dunedin,188,81,106,582,active,,21543
310,Dunedin Airport,Dunedin Airport,Dunedin Airport,Dunedin Airport,188,,,,active,,
311,Dunk Island (via Mission Beach),Dunk Island (via Mission Beach),Dunk Island (via Mission Beach),Dunk Island (via Mission Beach),186,63,42,583,active,,
312,Dunkeld,Dunkeld,Dunkeld,Dunkeld,186,95,41,584,active,,
313,Dunsborough,Dunsborough,Dunsborough,Dunsborough,186,98,,,active,,121853
314,Durban,Durban,Durban,Durban,37,33,169,587,active,,3513
315,Eagle Beach,Eagle Beach,Eagle Beach,Eagle Beach,208,,,93,active,,
316,,Eaglereach Wilderness Resort,,,186,,,,active,,82191
317,East Kimberley,East Kimberley,East Kimberley,East Kimberley,186,98,59,891,active,,
318,Echuca,Echuca,Echuca,Echuca,186,95,,,active,,
319,Eden,Eden,Eden,Eden,186,49,128,597,active,,
320,,Edmonton,,,184,,,,active,,121464
321,Efate,Efate,Efate,Efate,204,,,2703,active,,121809
322,El Calafate,El Calafate,El Calafate,El Calafate,169,,111,604,active,,3812
323,El Chalten,El Chalten,El Chalten,El Chalten,169,,,605,active,,
324,"El Poblado (Provenza), Medellin","El Poblado (Provenza), Medellin","El Poblado (Provenza), Medellin","El Poblado (Provenza), Medellin",176,,81,1460,active,,
325,Elanda Point,Elanda Point,Elanda Point,Elanda Point,186,63,,,active,,
326,"Ellerslie, Auckland","Ellerslie, Auckland","Ellerslie, Auckland","Ellerslie, Auckland",188,,,,active,,
327,Entebbe,Entebbe,Entebbe,Entebbe,42,,,,active,,121861
328,Entre-Deux,Entre-Deux,Entre-Deux,Entre-Deux,49,,,618,active,,
329,Epupa Falls,Epupa Falls,Epupa Falls,Epupa Falls,28,,26,621,active,,
330,Erongo,Erongo,Erongo,Erongo,28,,127,1751,in review,,
331,Esperance,Esperance,Esperance,Esperance,186,98,142,625,active,,122079
332,Etobicoke,Etobicoke,Etobicoke,Etobicoke,182,59,,,active,,
333,Etosha Nationalpark,Etosha Nationalpark,Etosha Nationalpark,Etosha Nationalpark,28,,30,636,in review,,
334,"Etosha Nationalpark, Andersson Tor","Etosha Nationalpark, Andersson Tor","Etosha Nationalpark, Andersson Tor","Etosha Nationalpark, Andersson Tor",28,,30,636,active,,
335,"Etosha Nationalpark, Von Lindequist Tor","Etosha Nationalpark, Von Lindequist Tor","Etosha Nationalpark, Von Lindequist Tor","Etosha Nationalpark, Von Lindequist Tor",28,,30,634,active,,
336,Eungella Nationalpark,Eungella Nationalpark,Eungella Nationalpark,Eungella Nationalpark,186,63,130,640,active,,
337,Exmouth,Exmouth,Exmouth,Exmouth,186,98,162,644,active,,6210
338,Fa'asaleleaga,Fa'asaleleaga,Fa'asaleleaga,Fa'asaleleaga,200,73,,2190,active,,
339,Faa’a,Faa’a,Faa’a,Faa’a,192,83,144,,active,,
340,Fafa Island,Fafa Island,Fafa Island,Fafa Island,202,89,,2442,active,,
341,Fagamalo,Fagamalo,Fagamalo,Fagamalo,200,73,,2190,active,,
342,Fakarava,Fakarava,Fakarava,Fakarava,192,,31,,active,,62873
343,Faleolo,Faleolo,Faleolo,Faleolo,200,92,,2510,active,,
344,Fare,Fare,Fare,Fare,192,28,48,910,active,,
345,Featherston,Featherston,Featherston,Featherston,188,,,351,active,,
346,Fernando de Noronha,Fernando de Noronha,Fernando de Noronha,Fernando de Noronha,171,,,,active,,
347,Finnes River (Top End NT),Finnes River (Top End NT),Finnes River (Top End NT),Finnes River (Top End NT),186,,149,525,active,,
348,Fish River Canyon,Fish River Canyon,Fish River Canyon,Fish River Canyon,28,,34,658,in review,,
349,Fitzroy Crossing,Fitzroy Crossing,Fitzroy Crossing,Fitzroy Crossing,186,98,59,661,active,,
350,Fitzroy Island,Fitzroy Island,Fitzroy Island,Fitzroy Island,186,63,150,662,active,,
351,Flic en Flac,Flic en Flac,Flic en Flac,Flic en Flac,51,,162,1449,active,,
352,Flinders,Flinders,Flinders,Flinders,186,95,134,1552,active,,
353,Floreal,Floreal,Floreal,Floreal,51,,,1449,active,,
354,,Flores,,,60,,,,active,,101931
355,,Florianopolis,Florianopolis,,,,,,active,,121471
356,Fort Dauphin,Fort Dauphin,Fort Dauphin,Fort Dauphin,22,,,681,active,,119535
357,,Fort Myers,,,184,,,,active,,121805
358,,Fortaleza,Fortaleza,,171,,,,active,,121795
359,Fox Glacier,Fox Glacier,Fox Glacier,Fox Glacier,188,81,160,692,active,,61036
360,Foz do Iguazu,Foz do Iguazu,Foz do Iguazu,Foz do Iguazu,171,,,693,active,,
361,"Foz do Iguazu, Parana","Foz do Iguazu, Parana","Foz do Iguazu, Parana","Foz do Iguazu, Parana",171,,50,693,active,,
362,Frankfurt am Main,Frankfurt am Main,Frankfurt am Main,Frankfurt am Main,105,24,,,active,,
363,Franschhoek,Franschhoek,Franschhoek,Franschhoek,37,99,157,696,active,,
364,Franz Josef,Franz Josef,Franz Josef,Franz Josef,188,81,160,697,active,,21544
365,Franz Josef Glacier,Franz Josef Glacier,Franz Josef Glacier,Franz Josef Glacier,188,,,697,active,,
366,Fraser Island,Fraser Island,Fraser Island,Fraser Island,186,63,42,698,active,,
367,Freemans Bay Auckland,Freemans Bay Auckland,Freemans Bay Auckland,Freemans Bay Auckland,188,,,,active,,
368,Fregate Island,Fregate Island,Fregate Island,Fregate Island,52,,,703,active,,
369,Fremantle,Fremantle,Fremantle,Fremantle,186,98,135,1854,active,,115327
370,Fresnaye,Fresnaye,Fresnaye,Fresnaye,37,99,55,1033,active,,
371,Gaafu Dhaalu Atoll,Gaafu Dhaalu Atoll,Gaafu Dhaalu Atoll,Gaafu Dhaalu Atoll,50,,,1360,active,,
372,Galapagos,Galapagos,Galapagos,Galapagos,173,,,142,in review,,24569
373,Galatea,Galatea,Galatea,Galatea,188,,,2080,active,,
374,Geraldton,Geraldton,Geraldton,Geraldton,186,98,162,733,active,,
375,Germering,Germering,Germering,Germering,105,,,,active,,
376,"Gibb River Road, Bell Gorge","Gibb River Road, Bell Gorge","Gibb River Road, Bell Gorge","Gibb River Road, Bell Gorge",186,98,59,181,active,,
377,"Gibb River Road, El Questro Wilderness Park","Gibb River Road, El Questro Wilderness Park","Gibb River Road, El Questro Wilderness Park","Gibb River Road, El Questro Wilderness Park",186,98,59,610,active,,
378,"Gibb River Road, Mount Elizabeth","Gibb River Road, Mount Elizabeth","Gibb River Road, Mount Elizabeth","Gibb River Road, Mount Elizabeth",186,98,59,1565,active,,
379,"Gibb River Road, Mount Hart","Gibb River Road, Mount Hart","Gibb River Road, Mount Hart","Gibb River Road, Mount Hart",186,98,59,1568,active,,
380,Gipsy Point,Gipsy Point,Gipsy Point,Gipsy Point,186,95,134,741,active,,
381,Gisborne,Gisborne,Gisborne,Gisborne,188,51,40,744,in review,,
382,Glasshouse Mountains,Glasshouse Mountains,Glasshouse Mountains,Glasshouse Mountains,186,63,130,748,active,,
383,Glen Helen,Glen Helen,Glen Helen,Glen Helen,186,55,119,749,active,,
384,Glenorchy,Glenorchy,Glenorchy,Glenorchy,188,81,106,750,active,,
385,,Goa,,,59,,,,active,,101932
386,,Gold Coast,,,186,,,,active,,115309
387,,Golfito Sierpe,Golfito Sierpe,Golfito Sierpe,161,,,,active,,121982
388,Gonarezhou NP,Gonarezhou NP,Gonarezhou NP,Gonarezhou NP,46,,168,760,active,,
389,Gosnells - Perth WA,Gosnells - Perth WA,Gosnells - Perth WA,Gosnells - Perth WA,105,,,,active,,
390,Gosnells Perth,Gosnells Perth,Gosnells Perth,Gosnells Perth,186,98,,,active,,
391,Gqeberha (Port Elizabeth),Gqeberha (Port Elizabeth),Gqeberha (Port Elizabeth),Gqeberha (Port Elizabeth),37,10,39,1919,active,,
392,Grand Baie,Grand Baie,Grand Baie,Grand Baie,51,,95,1449,active,,
393,Grand Gaube,Grand Gaube,Grand Gaube,Grand Gaube,51,,91,1449,active,,
394,Grand River South East,Grand River South East,Grand River South East,Grand River South East,51,,105,1449,active,,
395,Grande Anse,Grande Anse,Grande Anse,Grande Anse,49,,,789,active,,
396,Great Keppel Island,Great Keppel Island,Great Keppel Island,Great Keppel Island,186,63,130,795,active,,
397,"Greater Pilanesberg National Park, Black Rhino Game Reserve","Greater Pilanesberg National Park, Black Rhino Game Reserve","Greater Pilanesberg National Park, Black Rhino Game Reserve","Greater Pilanesberg National Park, Black Rhino Game Reserve",37,53,97,1878,active,,
398,Green Island (via Cairns),Green Island (via Cairns),Green Island (via Cairns),Green Island (via Cairns),186,63,42,799,active,,
399,Green Kalahari,Green Kalahari,Green Kalahari,Green Kalahari,37,,98,113,active,,
400,Greymouth,Greymouth,Greymouth,Greymouth,188,81,160,802,active,,
401,Grootfontein,Grootfontein,Grootfontein,Grootfontein,28,,127,,active,,
402,Grovetown,Grovetown,Grovetown,Grovetown,188,,,855,active,,
403,,Guadalajara,Guadalajara,Guadalajara,166,,,,active,,122035
404,,Guadalavaca,Guadalavaca,Guadalavaca,162,,,,active,,122049
405,Guayaquil,Guayaquil,Guayaquil,Guayaquil,173,21,44,811,active,,3822
406,,Guwahati,Guwahati,,59,,,,active,,121601
407,Haa Dhalu Atoll,Haa Dhalu Atoll,Haa Dhalu Atoll,Haa Dhalu Atoll,50,,,1360,active,,
408,Haapiti,Haapiti,Haapiti,Haapiti,192,44,84,1548,active,,
409,Hahei,Hahei,Hahei,Hahei,188,51,22,478,active,,
410,Hakodate,Hakodate,Hakodate,Hakodate,61,,,2700,active,,
411,,Halifax,,,182,,,,active,,121463
412,Halls Creek,Halls Creek,Halls Creek,Halls Creek,186,98,59,836,active,,
413,Halls Gap,Halls Gap,Halls Gap,Halls Gap,186,95,41,837,active,,
414,Hamburg,Hamburg,Hamburg,Hamburg,105,,,2347,active,,
415,Hamilton,Hamilton,Hamilton,Hamilton,186,85,133,842,active,,
416,Hamilton Island,Hamilton Island,Hamilton Island,Hamilton Island,186,63,42,841,active,,57785
417,Hana,Hana,Hana,Hana,184,23,80,,active,,
418,Hanga Roa,Hanga Roa,Hanga Roa,Hanga Roa,172,,103,1772,active,,
419,Hanoi,Hanoi,Hanoi,Hanoi,83,26,120,846,active,,4113
420,Johannesburg,Harare,,Harare,46,,,,active,,36780
421,Harrow,Harrow,Harrow,Harrow,113,,,,active,,
422,,Hastings,,,188,,,,active,,21540
423,,Hat Yai,,,79,,,,active,,119586
424,Havanna,Havanna,Havanna,Havana,162,,161,,active,,121963
425,,Havelock,,Havelock,188,,,,active,,119591
426,Havelock North,Havelock North,Havelock North,Havelock North,188,51,45,1630,active,,
427,Hawkes Bay,Hawkes Bay,Hawkes Bay,Hawkes Bay,188,51,45,1630,in review,,
428,Hayman Island,Hayman Island,Hayman Island,Hayman Island,186,63,42,860,active,,
429,Hazyview,Hazyview,Hazyview,Hazyview,37,45,109,861,active,,
430,Ha’apai,Ha’apai,Ha’apai,Ha’apai,202,22,,823,active,,
431,Heho,Heho,Heho,Heho,70,,,2702,active,,
432,,Heiliges Tal,,Abel Tasman National Park,178,,,,active,,103129
433,"Hell-Bourg, Salazie","Hell-Bourg, Salazie","Hell-Bourg, Salazie","Hell-Bourg, Salazie",49,,,2111,active,,
434,,Helsinki,,,105,,,,active,,121922
435,,Heraklion,,,105,,,,active,,121924
436,Hermanus,Hermanus,Hermanus,Hermanus,37,99,132,872,active,,
437,Heron Island,Heron Island,Heron Island,Heron Island,186,63,42,873,active,,
438,Hervey Bay,Hervey Bay,Hervey Bay,Hervey Bay,186,63,130,874,active,,3347
439,Hidden Valley,Hidden Valley,Hidden Valley,Hidden Valley,186,63,130,876,active,,
440,Hikkaduwa,Hikkaduwa,Hikkaduwa,Hikkaduwa,76,,,459,active,,
441,Hilton Head Island,Hilton Head Island,Hilton Head Island,Hilton Head Island,184,78,,879,active,,
442,Hinouera Matamata,Hinouera Matamata,Hinouera Matamata,Hinouera Matamata,188,,,,active,,
443,Hiva Oa,Hiva Oa,Hiva Oa,Hiva Oa,192,,79,,active,,
444,Hluhluwe,Hluhluwe,Hluhluwe,Hluhluwe,37,,169,883,active,,
445,Hluhluwe iMfolozi Game Reserve,Hluhluwe iMfolozi Game Reserve,Hluhluwe iMfolozi Game Reserve,Hluhluwe iMfolozi Game Reserve,37,,169,883,active,,
446,Hobart,Hobart,Hobart,Hobart,186,85,133,885,active,,3340
447,Hobart Airport,Hobart Airport,Hobart Airport,Hobart Airport,186,85,,,active,,
448,"Hobart Airport, Cambridge","Hobart Airport, Cambridge","Hobart Airport, Cambridge","Hobart Airport, Cambridge",186,85,,,active,,
449,"Hobart Int. Airport, Cambridge","Hobart Int. Airport, Cambridge","Hobart Int. Airport, Cambridge","Hobart Int. Airport, Cambridge",186,85,,,active,,
450,"Hobart, New Town","Hobart, New Town","Hobart, New Town","Hobart, New Town",186,85,133,885,active,,
451,Hobart-Cambridge,Hobart-Cambridge,Hobart-Cambridge,Hobart-Cambridge,186,85,,,active,,
452,Hoedspruit,Hoedspruit,Hoedspruit,Hoedspruit,37,35,64,886,active,,3520
453,Hoi An,Hoi An,Hoi An,Hoi An,83,61,46,887,active,,
454,Hokianga,Hokianga,Hokianga,Hokianga,188,51,99,1749,active,,
455,Hokitika,Hokitika,Hokitika,Hokitika,188,81,160,888,active,,
456,"Hollywood, CA","Hollywood, CA","Hollywood, CA","Hollywood, CA",184,,,,active,,
457,,Home Valley Station,Home Valley Station,,186,,,,active,,82200
458,Hong Kong (Kowloon),Hong Kong (Kowloon),Hong Kong (Kowloon),Hong Kong (Kowloon),57,90,,894,active,,
459,Hong Kong,Hongkong,Hongkong,Hong Kong,57,,,,in review,,4130
460,Honolulu,Honolulu,Honolulu,Honolulu,184,23,101,,active,,121451
461,,Honolulu (Hawaii),,,213,,,,active,,121450
462,Hopkins,Hopkins,Hopkins,Hopkins,160,,56,902,active,,
463,Horopito,Horopito,Horopito,Horopito,188,51,22,2707,active,,
464,,Hotel,Hotel,Mauritius,51,,,,active,,121931
465,,Houston,,,184,,,,active,,121459
466,Huahine,Huahine,Huahine,Huahine,192,,48,,active,,120010
467,"Huayllabamba, Urubamba","Huayllabamba, Urubamba","Huayllabamba, Urubamba","Huayllabamba, Urubamba",178,,,864,active,,
468,Huayoccari,Huayoccari,Huayoccari,Huayoccari,178,,,864,active,,
469,Huskisson,Huskisson,Huskisson,Huskisson,186,49,128,983,active,,
470,Hwange Nationalpark,Hwange Nationalpark,Hwange Nationalpark,Hwange Nationalpark,46,,49,924,in review,,
471,Ifaty,Ifaty,Ifaty,Ifaty,22,,,927,active,,
472,,Iguazu,Iguazu,Iguazu,169,,,,active,,3810
473,Ile des Pins,Ile des Pins,Ile des Pins,Ile des Pins,196,,,929,active,,
474,Indian Church,Indian Church,Indian Church,Indian Church,160,,51,,active,,
475,Induruwa,Induruwa,Induruwa,Induruwa,76,,,459,active,,
476,Inhambane,Inhambane,Inhambane,Inhambane,27,,,937,active,,
477,Invercargill,Invercargill,Invercargill,Invercargill,188,81,137,941,active,,3494
478,,Iquitos,,Iquitos,178,,,,active,,37123
479,Isabela,Isabela,Isabela,Isabela,211,,38,948,active,,
480,iSimangaliso Wetland Park,iSimangaliso Wetland Park,iSimangaliso Wetland Park,iSimangaliso Wetland Park,37,33,169,950,active,,
481,Isla Mucura,Isla Mucura,Isla Mucura,Isla Mucura,176,,56,,active,,
482,Isny/Allgäu,Isny/Allgäu,Isny/Allgäu,Isny/Allgäu,188,5,,,active,,
483,Itacimirim,Itacimirim,Itacimirim,Itacimirim,171,,,958,active,,
484,,Jabiru,Jabiru,Jabiru,186,,,,active,,121836
485,,Jaen,Jaen,Jaen,178,,,,active,,121741
486,,Jakarta,,Jakarta,186,,,,active,,115239;8855
487,Jimbaran,Jimbaran,Jimbaran,Jimbaran,60,,,986,active,,
488,,Jinghong,,Abel Tasman National Park,66,,,,active,,119532
489,Jirira Community,Jirira Community,Jirira Community,Jirira Community,170,,,2518,active,,
490,Johannesburg,Johannesburg,Johannesburg,Johannesburg,37,18,132,990,active,,3515
491,"Johannesburg, Bruma","Johannesburg, Bruma","Johannesburg, Bruma","Johannesburg, Bruma",37,,,,active,,
492,Johannesburg-Benoni,Johannesburg-Benoni,Johannesburg-Benoni,Johannesburg-Benoni,37,18,,,active,,
493,Joslin,Joslin,Joslin,Joslin,186,77,,,active,,
494,Julatten,Julatten,Julatten,Julatten,186,63,150,1917,active,,
495,Junin de los Andes,Junin de los Andes,Junin de los Andes,Junin de los Andes,169,,,,active,,
496,Kaanapali,Kaanapali,Kaanapali,Kaanapali,184,23,80,,active,,
497,Kadavu,Kadavu,Kadavu,Kadavu,191,,33,1001,active,,
498,Kafue Nationalpark,Kafue Nationalpark,Kafue Nationalpark,Kafue Nationalpark,44,,166,1003,active,,
499,Kahuku,Kahuku,Kahuku,Kahuku,184,23,101,,active,,
500,,Kahului,,,213,,,,active,,121455
501,,Kahului (Hawaii),,,213,,,,active,,121454
502,Kaikoura,Kaikoura,Kaikoura,Kaikoura,188,81,19,1006,active,,121952
503,Kaikoura & Christchurch,Kaikoura & Christchurch,Kaikoura & Christchurch,Kaikoura & Christchurch,188,,,1006,active,,
504,Kailua,Kailua,Kailua,Kailua,184,23,,,active,,
505,Kailua-Kona,Kailua-Kona,Kailua-Kona,Kailua-Kona,,23,10,,active,,121383
506,Kaiteriteri,Kaiteriteri,Kaiteriteri,Kaiteriteri,188,81,1,6,active,,
507,,Kakadu Lodge Cooinda,Kakadu Lodge Cooinda,Kakadu Lodge Cooinda,186,,,,active,,3352
508,"Kakadu Nationalpark, Cooinda","Kakadu Nationalpark, Cooinda","Kakadu Nationalpark, Cooinda","Kakadu Nationalpark, Cooinda",186,55,149,1008,active,,
509,"Kakadu Nationalpark, Jabiru","Kakadu Nationalpark, Jabiru","Kakadu Nationalpark, Jabiru","Kakadu Nationalpark, Jabiru",186,55,149,1008,active,,
510,Kalbarri,Kalbarri,Kalbarri,Kalbarri,186,98,162,1010,active,,
511,Kalgoorlie,Kalgoorlie,Kalgoorlie,Kalgoorlie,186,98,142,1011,active,,
512,"Kalimbeza, Katima Mulilo","Kalimbeza, Katima Mulilo","Kalimbeza, Katima Mulilo","Kalimbeza, Katima Mulilo",28,,165,1049,active,,
513,Kalkrand,Kalkrand,Kalkrand,Kalkrand,28,,52,1014,active,,
514,Kamanjab,Kamanjab,Kamanjab,Kamanjab,28,,30,1016,active,,
515,Kampala,Kampala,Kampala,Kampala,42,,,,active,,82173
516,Kampong Som,Kampong Som,Kampong Som,Kampong Som,62,,,1018,active,,
517,"Kampong Som, Cambodia","Kampong Som, Cambodia","Kampong Som, Cambodia","Kampong Som, Cambodia",62,,,1018,active,,
518,Kangaroo Island,Kangaroo Island,Kangaroo Island,Kangaroo Island,186,77,53,1027,active,,122143
519,"Kangaroo Island, Cape Willoughby","Kangaroo Island, Cape Willoughby","Kangaroo Island, Cape Willoughby","Kangaroo Island, Cape Willoughby",186,77,53,1027,active,,
520,"Kangaroo Island, Flinders Chase Nationalpark","Kangaroo Island, Flinders Chase Nationalpark","Kangaroo Island, Flinders Chase Nationalpark","Kangaroo Island, Flinders Chase Nationalpark",186,77,53,1027,active,,
521,"Kangaroo Island, Hanson Bay","Kangaroo Island, Hanson Bay","Kangaroo Island, Hanson Bay","Kangaroo Island, Hanson Bay",186,77,53,1027,active,,
522,"Kangaroo Island, Kingscote","Kangaroo Island, Kingscote","Kangaroo Island, Kingscote","Kangaroo Island, Kingscote",186,77,53,1027,active,,
523,"Kangaroo Island, Penneshaw","Kangaroo Island, Penneshaw","Kangaroo Island, Penneshaw","Kangaroo Island, Penneshaw",186,77,53,1027,active,,
524,,Kansas City,,,184,,,,active,,121644
525,Kaokoland,Kaokoland,Kaokoland,Kaokoland,28,,26,1030,active,,
526,Kapa'a,Kapa'a,Kapa'a,Kapa'a,184,23,57,,active,,
527,Cape Town,Kapstadt,Kapstadt,Cape Town,37,99,55,1033,active,,3511
528,Kariega Game Reserve,Kariega Game Reserve,Kariega Game Reserve,Kariega Game Reserve,37,10,39,1035,active,,
529,,Karijini Eco Retreat,,,186,,,,active,,82201
530,Karijini Nationalpark,Karijini Nationalpark,Karijini Nationalpark,Karijini Nationalpark,186,98,135,1036,active,,
531,Kasane,Kasane,Kasane,Kasane,5,,21,1041,active,,3522
532,Kasane Airport (Avis Office),Kasane Airport (Avis Office),Kasane Airport (Avis Office),Kasane Airport (Avis Office),5,,,,active,,
533,Kasane-Kazangula,Kasane-Kazangula,Kasane-Kazangula,Kasane-Kazangula,,,,,active,,
534,Katavi Nationalpark,Katavi Nationalpark,Katavi Nationalpark,Katavi Nationalpark,38,,,1046,active,,
535,Katherine,Katherine,Katherine,Katherine,186,55,149,1047,active,,
536,"Katherine, Nitmiluk Nationalpark","Katherine, Nitmiluk Nationalpark","Katherine, Nitmiluk Nationalpark","Katherine, Nitmiluk Nationalpark",186,55,149,1047,active,,
537,Kathmandu,Kathmandu,Kathmandu,Kathmandu,71,,,1048,active,,24573
538,Katoomba,Katoomba,Katoomba,Katoomba,186,49,11,,active,,
539,Katoomba (Blue Mountains),Katoomba (Blue Mountains),Katoomba (Blue Mountains),Katoomba (Blue Mountains),186,49,11,228,active,,
540,Kaunakakai,Kaunakakai,Kaunakakai,Kaunakakai,184,23,83,,active,,
541,Kawau Island,Kawau Island,Kawau Island,Kawau Island,188,51,7,1054,active,,
542,,Kawthaung,Kawthaung,,70,,,,active,,121824
543,Keauhou,Keauhou,Keauhou,Keauhou,184,23,10,,active,,
544,Kempton Park,Kempton Park,Kempton Park,Kempton Park,37,18,,,active,,
545,Kenepuru Sound (Marlborough),Kenepuru Sound (Marlborough),Kenepuru Sound (Marlborough),Kenepuru Sound (Marlborough),188,81,78,1062,active,,
546,Kerikeri Airport Terminal,Kerikeri Airport Terminal,Kerikeri Airport Terminal,Kerikeri Airport Terminal,188,,,,active,,
547,Keswick,Keswick,Keswick,Keswick,186,,,,active,,
548,Kewarra Beach,Kewarra Beach,Kewarra Beach,Kewarra Beach,186,63,150,305,active,,
549,"Kewdale, Perth","Kewdale, Perth","Kewdale, Perth","Kewdale, Perth",186,98,,,active,,
550,Kgalagadi Transfrontier Nationalpark,Kgalagadi Transfrontier Nationalpark,Kgalagadi Transfrontier Nationalpark,Kgalagadi Transfrontier Nationalpark,37,54,98,1075,active,,
551,,Khao Lak,,,79,,,,active,,57748
552,"Khao Lak, Kukkak, Takuapa, Phang Nga","Khao Lak, Kukkak, Takuapa, Phang Nga","Khao Lak, Kukkak, Takuapa, Phang Nga","Khao Lak, Kukkak, Takuapa, Phang Nga",79,,54,1076,active,,
553,"Khao Lak, Phang Nga","Khao Lak, Phang Nga","Khao Lak, Phang Nga","Khao Lak, Phang Nga",79,,54,1076,active,,
554,Khorixas,Khorixas,Khorixas,Khorixas,28,,26,1080,active,,
555,Khwai,Khwai,Khwai,Khwai,5,,58,1082,in review,,
556,Khwai Community Concession,Khwai Community Concession,Khwai Community Concession,Khwai Community Concession,5,,58,1082,active,,
557,Kiama,Kiama,Kiama,Kiama,186,49,128,,active,,
558,Nairobi,Kigali,,Nairobi,31,,,,active,,58870
559,Kihei,Kihei,Kihei,Kihei,184,23,80,,active,,
560,Arusha,Kilimanjaro,Kilimanjaro,Kilimanjaro,38,,,,active,,122091
561,Kimbe Cannonvale,Kimbe Cannonvale,Kimbe Cannonvale,Kimbe Cannonvale,198,,,1651,active,,
562,Kimberleys,Kimberleys,Kimberleys,Kimberleys,186,98,59,573,in review,,
563,"Kimberleys, Mitchell Plateau","Kimberleys, Mitchell Plateau","Kimberleys, Mitchell Plateau","Kimberleys, Mitchell Plateau",186,98,59,1511,active,,
564,"Kina Beach, Kina Pensinsula","Kina Beach, Kina Pensinsula","Kina Beach, Kina Pensinsula","Kina Beach, Kina Pensinsula",188,81,1,1647,active,,
565,Kings Canyon,Kings Canyon,Kings Canyon,Kings Canyon,186,55,119,1096,active,,
566,Kingston Beach,Kingston Beach,Kingston Beach,Kingston Beach,186,85,,,active,,
567,Klaserie Private Nature Reserve,Klaserie Private Nature Reserve,Klaserie Private Nature Reserve,Klaserie Private Nature Reserve,37,,64,1105,active,,
568,Knysna,Knysna,Knysna,Knysna,37,99,39,1109,active,,
569,Ko Olina,Ko Olina,Ko Olina,Ko Olina,184,23,101,,active,,
570,Koh Lanta,Koh Lanta,Koh Lanta,Koh Lanta,79,,63,1117,active,,
571,Koh Munnork,Koh Munnork,Koh Munnork,Koh Munnork,79,,47,1119,active,,
572,Koh Phangan,Koh Phangan,Koh Phangan,Koh Phangan,79,80,60,1121,active,,
573,"Koh Phi Phi, Krabi","Koh Phi Phi, Krabi","Koh Phi Phi, Krabi","Koh Phi Phi, Krabi",79,,54,1122,active,,
574,Koh Samui,Koh Samui,Koh Samui,Koh Samui,79,,61,1126,in review,,101929
575,Koh Tao,Koh Tao,Koh Tao,Koh Tao,79,80,60,1127,active,,
576,Koh Yao Noi,Koh Yao Noi,Koh Yao Noi,Koh Yao Noi,79,,54,1129,active,,
577,Kohala,Kohala,Kohala,Kohala,184,23,10,,active,,
578,Kokonga,Kokonga,Kokonga,Kokonga,188,81,106,1132,active,,
579,Koloa,Koloa,Koloa,Koloa,184,,57,,active,,
580,Kona,Kona,Kona,Kona,213,23,10,,active,,121453
581,Kongola,Kongola,Kongola,Kongola,28,,165,1138,active,,
582,Kowloon,Kowloon,Kowloon,Kowloon,58,27,,894,active,,
583,"Kowloon, Hongkong","Kowloon, Hongkong","Kowloon, Hongkong","Kowloon, Hongkong",58,,,,active,,
584,Krabi,Krabi,Krabi,Krabi,79,,63,1148,active,,57747
585,Krüger Nationalpark,Krüger Nationalpark,Krüger Nationalpark,Krüger Nationalpark,37,45,64,1150,active,,
586,"Kuala Dungun, Tetenggau","Kuala Dungun, Tetenggau","Kuala Dungun, Tetenggau","Kuala Dungun, Tetenggau",68,,105,1151,active,,
587,Kuala Lumpur,Kuala Lumpur,Kuala Lumpur,Kuala Lumpur,68,,75,1152,active,,4124
588,Kuata Island,Kuata Island,Kuata Island,Kuata Island,191,100,163,2666,active,,
589,Kuching,Kuching,Kuching,Kuching,68,72,126,1154,active,,4127
590,Kukerin,Kukerin,Kukerin,Kukerin,186,98,142,2589,active,,
591,,Kunming,,,57,,,,active,,57707
592,Kununurra,Kununurra,Kununurra,Kununurra,186,98,59,1157,active,,3344
593,Kununurra Airport,Kununurra Airport,Kununurra Airport,Kununurra Airport,186,98,,,active,,
594,Kyoto,Kyoto,Kyoto,Kyoto,61,,,1166,active,,120850
595,La Digue,La Digue,La Digue,La Digue,52,34,,1169,active,,121930
596,La Fortuna,La Fortuna,La Fortuna,La Fortuna,161,,155,1171,active,,
597,"La Merced Chica, Salta","La Merced Chica, Salta","La Merced Chica, Salta","La Merced Chica, Salta",169,,94,2120,active,,
598,La Paz,La Paz,La Paz,La Paz,170,,67,1176,active,,3818
599,La Plaine des Cafres,La Plaine des Cafres,La Plaine des Cafres,La Plaine des Cafres,49,,,1177,active,,
600,,La Réunion,La Réunion,,49,,,,in review,,51840
601,La Saline-les-Bains,La Saline-les-Bains,La Saline-les-Bains,La Saline-les-Bains,49,,,1181,active,,
602,,La Serena,La Serena,La Serena,172,,,,active,,3797
603,Lady Elliot Island,Lady Elliot Island,Lady Elliot Island,Lady Elliot Island,186,63,42,1186,active,,
604,Ladysmith,Ladysmith,Ladysmith,Ladysmith,37,33,27,571,active,,
605,,Lahad Datu,,,68,,,,active,,57729
606,Lahaina,Lahaina,Lahaina,Lahaina,184,23,80,,active,,121603
607,,Lake Barrine,Abel Tasman Nationalpark,Lake Barrine,186,,,,active,,122080
608,Lake Bennett,Lake Bennett,Lake Bennett,Lake Bennett,186,55,149,1279,active,,
609,Lake Kariba,Lake Kariba,Lake Kariba,Lake Kariba,46,,,1201,active,,
610,Lake Manyara Nationalpark,Lake Manyara Nationalpark,Lake Manyara Nationalpark,Lake Manyara Nationalpark,38,,,1203,active,,
611,Lake Naivasha,Lake Naivasha,Lake Naivasha,Lake Naivasha,17,,,,active,,
612,Lake Tekapo,Lake Tekapo,Lake Tekapo,Lake Tekapo,188,81,19,1212,active,,121951
613,Lakes Entrance,Lakes Entrance,Lakes Entrance,Lakes Entrance,186,95,43,1214,active,,
614,Lalomanu,Lalomanu,Lalomanu,Lalomanu,200,92,,2510,active,,
615,Lamington Nationalpark,Lamington Nationalpark,Lamington Nationalpark,Lamington Nationalpark,186,63,130,1219,active,,
616,Lanai City,Lanai City,Lanai City,Lanai City,184,23,68,,active,,
617,Langebaan,Langebaan,Langebaan,Langebaan,37,99,132,1225,active,,
618,Langkawi,Langkawi,Langkawi,Langkawi,68,32,75,1226,active,,57737
619,Lansvale,Lansvale,Lansvale,Lansvale,186,49,,,active,,
620,Las Vegas,Las Vegas,Las Vegas,Las Vegas,184,47,,,active,,121438
621,Launceston,Launceston,Launceston,Launceston,186,85,133,1238,active,,3341
622,Lautoka,Lautoka,Lautoka,Lautoka,191,96,154,2554,active,,3505
623,Le Morne,Le Morne,Le Morne,Le Morne,51,,139,1449,active,,
624,Le Morne Peninsula,Le Morne Peninsula,Le Morne Peninsula,Le Morne Peninsula,51,,139,1449,active,,
625,Lefaga,Lefaga,Lefaga,Lefaga,200,,,2510,active,,
626,Lenakel,Lenakel,Lenakel,Lenakel,204,84,,2370,active,,
627,Leura,Leura,Leura,Leura,186,49,11,228,active,,
628,Lewa Wildlife Conservancy,Lewa Wildlife Conservancy,Lewa Wildlife Conservancy,Lewa Wildlife Conservancy,17,,,1257,active,,
629,Lhaviyani Atoll,Lhaviyani Atoll,Lhaviyani Atoll,Lhaviyani Atoll,50,,,1360,active,,
630,Liawenee,Liawenee,Liawenee,Liawenee,186,85,133,,active,,
631,Lifou,Lifou,Lifou,Lifou,196,29,,1262,active,,
632,Lihue,Lihue,Lihue,Lihue,184,23,57,,active,,
633,Likoma Island,Likoma Island,Likoma Island,Likoma Island,23,,74,1266,active,,
634,Lilongwe,Lilongwe,Lilongwe,Lilongwe,23,,,1270,active,,3527
635,Lima,Lima,Lima,Lima,178,,,1272,active,,3794
636,Linyanti,Linyanti,Linyanti,Linyanti,5,,69,1275,in review,,
637,"Litchfield Nationalpark, Rakula","Litchfield Nationalpark, Rakula","Litchfield Nationalpark, Rakula","Litchfield Nationalpark, Rakula",186,55,149,1279,active,,
638,Liuwa Plains Nationalpark,Liuwa Plains Nationalpark,Liuwa Plains Nationalpark,Liuwa Plains Nationalpark,44,,166,1280,active,,
639,Livingstone,Livingstone,Livingstone,Livingstone,44,,152,1282,active,,3523
640,Liwonde Nationalpark,Liwonde Nationalpark,Liwonde Nationalpark,Liwonde Nationalpark,23,,,1284,active,,
641,Lizard Island,Lizard Island,Lizard Island,Lizard Island,186,63,42,1285,active,,
642,Lobethal,Lobethal,Lobethal,Lobethal,186,77,,,active,,
643,Lombok,Lombok,Lombok,Lombok,60,,,739,active,,57730
644,Long Hai,Long Hai,Long Hai,Long Hai,83,,153,884,active,,
645,Long Island,Long Island,Long Island,Long Island,186,63,42,1291,active,,
646,Longreach,Longreach,Longreach,Longreach,186,63,,,active,,
647,Lord Howe Island,Lord Howe Island,Lord Howe Island,Lord Howe Island,186,49,70,1299,active,,
648,Los Angeles,Los Angeles,Los Angeles,Los Angeles,184,31,,,active,,121440
649,"Los Angeles, Marina del Rey","Los Angeles, Marina del Rey","Los Angeles, Marina del Rey","Los Angeles, Marina del Rey",184,31,,1302,active,,
650,,Los Cabos,Los Cabos,Los Cabos,166,,,,active,,122040
651,"Los Muernos, Los Lagos","Los Muernos, Los Lagos","Los Muernos, Los Lagos","Los Muernos, Los Lagos",172,,123,1973,active,,
652,Los Naranjos,Los Naranjos,Los Naranjos,Los Naranjos,176,,62,1307,active,,
653,Lower Zambezi Nationalpark,Lower Zambezi Nationalpark,Lower Zambezi Nationalpark,Lower Zambezi Nationalpark,44,,71,1313,in review,,
654,Luang Prabang,Luang Prabang,Luang Prabang,Luang Prabang,66,,,1314,active,,4116
655,Ludwigsburg,Ludwigsburg,Ludwigsburg,Ludwigsburg,105,,,,active,,
656,Luganville,Luganville,Luganville,Luganville,204,13,,626,active,,
657,Lusaka,Lusaka,Lusaka,Lusaka,44,,,,active,,3525
658,Lüderitz,Lüderitz,Lüderitz,Lüderitz,28,,66,1322,active,,
659,Mabula Game Reserve,Mabula Game Reserve,Mabula Game Reserve,Mabula Game Reserve,37,,97,1325,active,,
660,Mackay,Mackay,Mackay,Mackay,186,,,,active,,3361
661,Madidi Nationalpark,Madidi Nationalpark,Madidi Nationalpark,Madidi Nationalpark,170,,3,2085,active,,
662,Madikwe Game Reserve,Madikwe Game Reserve,Madikwe Game Reserve,Madikwe Game Reserve,37,53,72,1333,active,,
663,Mafia Island,Mafia Island,Mafia Island,Mafia Island,38,,,1338,active,,
664,Magnetic Island,Magnetic Island,Magnetic Island,Magnetic Island,186,63,130,1340,active,,122133
665,"Magnetic Island, Nelly Bay","Magnetic Island, Nelly Bay","Magnetic Island, Nelly Bay","Magnetic Island, Nelly Bay",186,63,42,1340,active,,
666,Mahale Mountain Nationalpark,Mahale Mountain Nationalpark,Mahale Mountain Nationalpark,Mahale Mountain Nationalpark,38,,,1343,active,,
667,Maharepa,Maharepa,Maharepa,Maharepa,192,44,84,1548,active,,
668,Mahebourg,Mahebourg,Mahebourg,Mahebourg,51,,105,1449,active,,
669,Mahé,Mahé,Mahé,Mahé,52,37,,1345,active,,3537
670,Maiao,Maiao,Maiao,Maiao,192,44,84,1548,active,,
671,"Maipu, Mendoza","Maipu, Mendoza","Maipu, Mendoza","Maipu, Mendoza",169,,158,1474,active,,
672,Makalali Game Reserve,Makalali Game Reserve,Makalali Game Reserve,Makalali Game Reserve,37,35,64,1351,active,,
673,Makgadikgadi Pans,Makgadikgadi Pans,Makgadikgadi Pans,Makgadikgadi Pans,5,,73,1353,in review,,
674,MalaMala Game Reserve,MalaMala Game Reserve,MalaMala Game Reserve,MalaMala Game Reserve,37,,64,2092,active,,
675,Male,Male,Male,Male,50,,,1360,active,,
676,Maleny,Maleny,Maleny,Maleny,186,63,130,1363,active,,
677,,Maligne Lake,,,182,,,,active,,121589
678,Malolo Island,Malolo Island,Malolo Island,Malolo Island,191,38,76,1370,active,,
679,Malolo Lai Lai Island,Malolo Lai Lai Island,Malolo Lai Lai Island,Malolo Lai Lai Island,191,38,76,1370,active,,
680,Mamanucas,Mamanucas,Mamanucas,Mamanucas,191,,76,1370,active,,
681,Mana Island,Mana Island,Mana Island,Mana Island,191,38,76,1370,active,,
682,Mana Pools,Mana Pools,Mana Pools,Mana Pools,46,,,1372,active,,
683,Mana Pools Nationalpark,Mana Pools Nationalpark,Mana Pools Nationalpark,Mana Pools Nationalpark,46,,168,1372,active,,
684,Manase,Manase,Manase,Manase,200,73,,2190,active,,
685,Manaus,Manaus,Manaus,Manaus,171,,15,1375,active,,37128
686,Mancora,Mancora,Mancora,Mancora,178,,93,1377,active,,
687,,Mandalay,,,70,,,,active,,57735
688,Mangaia,Mangaia,Mangaia,Mangaia,190,39,77,1381,active,,
689,Mangere,Mangere,Mangere,Mangere,,,,,active,,
690,Mangere / Airport Oaks,Mangere / Airport Oaks,Mangere / Airport Oaks,Mangere / Airport Oaks,188,,,,active,,
691,"Mangere, Auckland","Mangere, Auckland","Mangere, Auckland","Mangere, Auckland",188,,,112,active,,
692,Mangonui,Mangonui,Mangonui,Mangonui,188,51,99,568,active,,
693,Manihi,Manihi,Manihi,Manihi,192,,,,active,,
694,Maninoa,Maninoa,Maninoa,Maninoa,200,92,,2510,active,,
695,Mannum,Mannum,Mannum,Mannum,186,77,131,,active,,
696,Manuel Antonio NP,Manuel Antonio NP,Manuel Antonio NP,Manuel Antonio NP,161,,,,active,,
697,Manyoni Private Game Reserve,Manyoni Private Game Reserve,Manyoni Private Game Reserve,Manyoni Private Game Reserve,37,33,169,883,active,,
698,Mapua,Mapua,Mapua,Mapua,188,81,1,6,active,,
699,Mapua bei Nelson,Mapua bei Nelson,Mapua bei Nelson,Mapua bei Nelson,188,81,1,1647,active,,
700,Mapua Village,Mapua Village,Mapua Village,Mapua Village,188,81,1,6,active,,
701,,Maputo,,Maputo,27,,,,active,,101912
702,Marahau Beach,Marahau Beach,Marahau Beach,Marahau Beach,188,81,1,6,active,,
703,Marakele Nationalpark,Marakele Nationalpark,Marakele Nationalpark,Marakele Nationalpark,37,,97,1395,active,,
704,Mare à Vieille Place,Mare à Vieille Place,Mare à Vieille Place,Mare à Vieille Place,49,,,2111,active,,
705,Margaret River,Margaret River,Margaret River,Margaret River,186,98,142,1402,active,,121338
706,"Margaret River, Gnarabup Beach","Margaret River, Gnarabup Beach","Margaret River, Gnarabup Beach","Margaret River, Gnarabup Beach",186,98,142,1402,active,,
707,Mariental,Mariental,Mariental,Mariental,28,,52,1404,active,,
708,Marina del Rey/Los Angeles,Marina del Rey/Los Angeles,Marina del Rey/Los Angeles,Marina del Rey/Los Angeles,184,31,,,active,,
709,,Maroantsetra,,,22,,,,active,,119536
710,Marondera,Marondera,Marondera,Marondera,46,,,,active,,
711,Martinborough,Martinborough,Martinborough,Martinborough,188,51,159,1413,active,,
712,Martintar,Martintar,Martintar,Martintar,191,46,,,active,,
713,Mary River Conservation Reserve,Mary River Conservation Reserve,Mary River Conservation Reserve,Mary River Conservation Reserve,186,55,149,,active,,
714,Maryvale,Maryvale,Maryvale,Maryvale,186,63,130,,active,,
715,Masai Mara,Masai Mara,Masai Mara,Masai Mara,17,,,1420,active,,3532
716,Mascot,Mascot,Mascot,Mascot,186,49,,,active,,
717,Masoala,Masoala,Masoala,Masoala,22,,,1424,active,,
718,Masterton,Masterton,Masterton,Masterton,188,51,159,1425,active,,
719,Matamanoa Island,Matamanoa Island,Matamanoa Island,Matamanoa Island,191,38,76,1370,active,,
720,Matamata,Matamata,Matamata,Matamata,188,,,,active,,121802
721,Matangi Island,Matangi Island,Matangi Island,Matangi Island,191,41,125,1433,active,,
722,Mataranka,Mataranka,Mataranka,Mataranka,186,55,149,,active,,
723,Matatufu,Matatufu,Matatufu,Matatufu,200,92,,2510,active,,
724,Matavera District,Matavera District,Matavera District,Matavera District,190,66,117,2029,active,,
725,Maun,Maun,Maun,Maun,5,,124,1447,active,,3524
726,Maun Airport (Avis Office),Maun Airport (Avis Office),Maun Airport (Avis Office),Maun Airport (Avis Office),5,,,,active,,
727,,Mauritius,Mauritius,,51,,,,in review,,51839
728,McLaren Flat,McLaren Flat,McLaren Flat,McLaren Flat,186,77,131,1456,active,,
729,,Medan,,,60,,,,active,,57739
730,,Medellin,,Medellin,176,,,,active,,37989
731,"Medellín, Antioquia","Medellín, Antioquia","Medellín, Antioquia","Medellín, Antioquia",176,,81,1460,active,,
732,Melbourne,Melbourne,Melbourne,Melbourne,186,95,134,1466,active,,3334
733,Melbourne Airport,Melbourne Airport,Melbourne Airport,Melbourne Airport,186,95,134,1466,active,,
734,"Melbourne, Braybrook","Melbourne, Braybrook","Melbourne, Braybrook","Melbourne, Braybrook",186,95,,,active,,
735,"Melbourne, Somerton","Melbourne, Somerton","Melbourne, Somerton","Melbourne, Somerton",186,95,,,active,,
736,"Melbourne, South Yarra","Melbourne, South Yarra","Melbourne, South Yarra","Melbourne, South Yarra",186,95,134,1466,active,,
737,"Melbourne, St. Kilda","Melbourne, St. Kilda","Melbourne, St. Kilda","Melbourne, St. Kilda",186,95,,,active,,
738,"Melbourne, Tullamarine","Melbourne, Tullamarine","Melbourne, Tullamarine","Melbourne, Tullamarine",186,95,,,active,,
739,Mendoza,Mendoza,Mendoza,Abel Tasman National Park,169,,158,1474,active,,3811
740,Mendoza 5500,Mendoza 5500,Mendoza 5500,Mendoza 5500,169,,,1474,active,,
741,Meru Nationalpark,Meru Nationalpark,Meru Nationalpark,Meru Nationalpark,17,,,1482,active,,
742,"Metung, Nungurner","Metung, Nungurner","Metung, Nungurner","Metung, Nungurner",186,95,134,1487,active,,
743,Mexico-City,Mexico City,Mexico City,Mexico City,166,,82,,active,,121953
744,Mhlambanyatsi,Mhlambanyatsi,Mhlambanyatsi,Mhlambanyatsi,37,14,29,632,active,,
745,Miami,Miami,Miami,Miami,184,16,,1493,active,,121449
746,Middleton,Middleton,Middleton,Middleton,186,77,131,2708,active,,
747,"Midrand, Johannesburg","Midrand, Johannesburg","Midrand, Johannesburg","Midrand, Johannesburg",37,18,,,active,,
748,"Midrand, Johannesburg (Midway Business Park)","Midrand, Johannesburg (Midway Business Park)","Midrand, Johannesburg (Midway Business Park)","Midrand, Johannesburg (Midway Business Park)",28,,,,active,,
749,Mildura,Mildura,Mildura,Mildura,186,95,134,1498,active,,82189
750,"Mile End South, Adelaide","Mile End South, Adelaide","Mile End South, Adelaide","Mile End South, Adelaide",186,77,,,active,,
751,Te Anau,Milford Sound,Milford Sound,Te Anau,188,,,,active,,3492
752,Milne Bay,Milne Bay,Milne Bay,Milne Bay,198,,,,active,,
753,,Minneapolis,,,,,,,active,,121727
754,Mirabel,Mirabel,Mirabel,Mirabel,182,62,,,active,,
755,"Miraflores, Lima","Miraflores, Lima","Miraflores, Lima","Miraflores, Lima",178,,,1272,active,,
756,Miranda,Miranda,Miranda,Miranda,171,,15,323,active,,
757,Mission Beach,Mission Beach,Mission Beach,Mission Beach,186,63,130,1509,active,,
758,Mitsio Archipel,Mitsio Archipel,Mitsio Archipel,Mitsio Archipel,22,,,1512,active,,
759,Mkambati Nature Reserve,Mkambati Nature Reserve,Mkambati Nature Reserve,Mkambati Nature Reserve,37,,39,2710,active,,
760,Mkuze,Mkuze,Mkuze,Mkuze,37,33,169,1515,active,,
761,Moerai,Moerai,Moerai,Moerai,192,69,36,2086,active,,
762,Mombasa,Mombasa,Mombasa,Mombasa,17,,,1523,active,,3533
763,Mombasa Südküste,Mombasa Südküste,Mombasa Südküste,Mombasa Südküste,17,,,1523,active,,
764,Momi Bay,Momi Bay,Momi Bay,Momi Bay,191,96,154,2554,active,,
765,Mon Choisy,Mon Choisy,Mon Choisy,Mon Choisy,51,,95,1449,active,,
766,,Monkey Mia Flughafen,Monkey Mia Flughafen,Denham,186,,,,active,,121867
767,Mont Choisy,Mont Choisy,Mont Choisy,Mont Choisy,51,,95,1449,active,,
768,"Mont Choisy, Pamplemousses","Mont Choisy, Pamplemousses","Mont Choisy, Pamplemousses","Mont Choisy, Pamplemousses",51,,91,1449,active,,
769,Montagu,Montagu,Montagu,Montagu,37,99,132,1532,active,,
770,,Montreal,,,182,,,,active,,121462
771,Montville,Montville,Montville,Montville,186,63,130,1545,active,,
772,Mooloolaba,Mooloolaba,Mooloolaba,Mooloolaba,186,63,130,2326,active,,
773,Moorea,Moorea,Moorea,Moorea,192,,,1548,active,,3502
774,Moremi Game Reserve,Moremi Game Reserve,Moremi Game Reserve,Moremi Game Reserve,5,,85,1549,active,,
775,Morro de Sao Paulo,Morro de Sao Paulo,Morro de Sao Paulo,Morro de Sao Paulo,171,,,1556,active,,
776,"Morro de São Paulo, Bahia","Morro de São Paulo, Bahia","Morro de São Paulo, Bahia","Morro de São Paulo, Bahia",171,,15,1556,active,,
777,Mossel Bay,Mossel Bay,Mossel Bay,Mossel Bay,37,99,39,1559,active,,
778,Mossman,Mossman,Mossman,Mossman,186,63,150,1560,active,,
779,Motu Omee,Motu Omee,Motu Omee,Motu Omee,192,6,14,243,active,,
780,Motu Tape,Motu Tape,Motu Tape,Motu Tape,192,6,14,243,active,,
781,Motu Tautau,Motu Tautau,Motu Tautau,Motu Tautau,192,82,143,2346,active,,
782,Motu Tehotu,Motu Tehotu,Motu Tehotu,Motu Tehotu,192,6,14,,active,,
783,Motu Ute,Motu Ute,Motu Ute,Motu Ute,192,,14,243,active,,
784,Motueka,Motueka,Motueka,Motueka,188,81,1,6,active,,
785,Mount Cook,Mount Cook,Mount Cook,Mount Cook,188,81,19,1564,active,,115254
786,Mount Hagen,Mount Hagen,Mount Hagen,Mount Hagen,198,,,,active,,
787,Mount Mulligan,Mount Mulligan,Mount Mulligan,Mount Mulligan,186,63,107,1574,active,,
788,"Mt. Borradaile, Arnhemland","Mt. Borradaile, Arnhemland","Mt. Borradaile, Arnhemland","Mt. Borradaile, Arnhemland",186,55,149,88,active,,
789,Mt. Ruapehu,Mt. Ruapehu,Mt. Ruapehu,Mt. Ruapehu,188,51,,2441,active,,
790,Mungo National Park,Mungo National Park,Mungo National Park,Mungo National Park,186,49,128,1595,active,,
791,Muri,Muri,Muri,Muri,190,66,117,2029,active,,
792,Muri Beach,Muri Beach,Muri Beach,Muri Beach,190,66,117,2029,active,,
793,Myrtle Beach,Myrtle Beach,Myrtle Beach,Myrtle Beach,184,78,,1610,active,,
794,München,München,München,München,105,,,,active,,
795,Nacula Island,Nacula Island,Nacula Island,Nacula Island,191,,163,2666,active,,
796,Nadi,Nadi,Nadi,Nadi,191,96,154,2554,active,,3504
797,Nadi - Wailoaloa/Newtown,Nadi - Wailoaloa/Newtown,Nadi - Wailoaloa/Newtown,Nadi - Wailoaloa/Newtown,191,,154,,active,,
798,Nadi Airport,Nadi Airport,Nadi Airport,Nadi Airport,191,96,154,2554,active,,
799,Nadi/Cuvu,Nadi/Cuvu,Nadi/Cuvu,Nadi/Cuvu,191,,,,active,,
800,Nairobi,Nairobi,Nairobi,Nairobi,17,,,1615,active,,3528
801,Nambiti Privat Game Reserve,Nambiti Privat Game Reserve,Nambiti Privat Game Reserve,Nambiti Privat Game Reserve,37,,169,1618,active,,
802,NamibRand Nature Reserve,NamibRand Nature Reserve,NamibRand Nature Reserve,NamibRand Nature Reserve,28,,86,1621,active,,
803,Nankoma Island,Nankoma Island,Nankoma Island,Nankoma Island,23,,74,1626,active,,
804,Nanuya Island,Nanuya Island,Nanuya Island,Nanuya Island,191,100,163,2666,active,,
805,Napier,Napier,Napier,Napier,188,51,45,1630,active,,3359
806,"Napier, Bay View","Napier, Bay View","Napier, Bay View","Napier, Bay View",188,,,1630,active,,
807,Naples,Naples,Naples,Naples,184,16,,1631,active,,
808,Naracoorte,Naracoorte,Naracoorte,Naracoorte,186,77,131,1633,active,,
809,Nasca,Nasca,Nasca,Nasca,178,,140,1637,active,,103127
810,,Nashville,,,184,,,,active,,121829
811,Nata,Nata,Nata,Nata,5,,73,1640,active,,
812,Natadola Beach,Natadola Beach,Natadola Beach,Natadola Beach,191,96,154,2554,active,,
813,National Park,National Park,National Park,National Park,188,51,156,2441,active,,
814,National Park Torres de Paine,National Park Torres de Paine,National Park Torres de Paine,Nationalpark Torres del Paine,172,,111,2446,active,,
815,National Park Village,National Park Village,National Park Village,National Park Village,188,,,2441,active,,
816,"National Park Village, Ruapehu","National Park Village, Ruapehu","National Park Village, Ruapehu","National Park Village, Ruapehu",188,51,22,2441,active,,
817,Nationalpark Torres del Paine,Nationalpark Torres del Paine,Nationalpark Torres del Paine,Nationalpark Torres del Paine,172,,111,2446,active,,
818,Naukacuvu Island,Naukacuvu Island,Naukacuvu Island,Naukacuvu Island,191,,163,2666,active,,
819,Negombo,Negombo,Negombo,Negombo,76,,,459,active,,
820,Neiafu,Neiafu,Neiafu,Neiafu,202,94,,2530,active,,
821,Nelly Bay,Nelly Bay,Nelly Bay,Nelly Bay,186,63,,,active,,
822,Nelson,Nelson,Nelson,Nelson,188,81,87,1647,in review,,3497
823,Nelson Airport,Nelson Airport,Nelson Airport,Nelson Airport,,,,,active,,
824,"Nelson Bay, Port Stephens","Nelson Bay, Port Stephens","Nelson Bay, Port Stephens","Nelson Bay, Port Stephens",186,49,128,,active,,
825,Nelson Creek,Nelson Creek,Nelson Creek,Nelson Creek,188,81,160,802,active,,
826,,New Orleans,,,184,,,,active,,121448
827,New Plymouth,New Plymouth,New Plymouth,New Plymouth,188,51,145,1658,active,,
828,"New Plymouth, Omata","New Plymouth, Omata","New Plymouth, Omata","New Plymouth, Omata",188,51,145,1658,active,,
829,New York,New York,New York,New York,184,50,,1661,in review,,121439
830,Ngapali Beach,Ngapali Beach,Ngapali Beach,Ngapali Beach,70,,,1670,active,,
831,"Ngapali Beach, Rakhine State","Ngapali Beach, Rakhine State","Ngapali Beach, Rakhine State","Ngapali Beach, Rakhine State",70,,,1670,active,,
832,Ngorongoro Krater,Ngorongoro Krater,Ngorongoro Krater,Ngorongoro Krater,38,,,1672,active,,
833,Ngwe Saung Beach,Ngwe Saung Beach,Ngwe Saung Beach,Ngwe Saung Beach,70,,,1673,active,,
834,Nha Trang,Nha Trang,Nha Trang,Nha Trang,83,,89,1674,active,,
835,,Nitmiluk Nationalpark Besucherzentrum,Nitmiluk Nationalpark Besucherzentrum,Nitmiluk Nationalpark,186,,,,active,,121339
836,Nkomazi Private Game Reserve,Nkomazi Private Game Reserve,Nkomazi Private Game Reserve,Nkomazi Private Game Reserve,37,,132,1690,active,,
837,Nkwalini,Nkwalini,Nkwalini,Nkwalini,37,33,169,624,active,,
838,Noosa,Noosa,Noosa,Noosa,186,63,130,1693,active,,57782
839,Noosa Heads,Noosa Heads,Noosa Heads,Noosa Heads,186,63,130,1693,active,,
840,"Noosa, Elanda Point","Noosa, Elanda Point","Noosa, Elanda Point","Noosa, Elanda Point",186,63,130,1693,active,,
841,"Noosa, Tewantin","Noosa, Tewantin","Noosa, Tewantin","Noosa, Tewantin",186,63,130,1693,active,,
842,Norderstedt,Norderstedt,Norderstedt,Norderstedt,105,74,,,active,,
843,Norfolk Island,Norfolk Island,Norfolk Island,Norfolk Island,186,,96,1695,active,,
844,North Ari Atoll,North Ari Atoll,North Ari Atoll,North Ari Atoll,50,,,1360,active,,
845,"North Harbour, Auckland","North Harbour, Auckland","North Harbour, Auckland","North Harbour, Auckland",188,,,112,active,,
846,North Male Atoll,North Male Atoll,North Male Atoll,North Male Atoll,50,,,1360,active,,
847,North Sydney,North Sydney,North Sydney,North Sydney,186,49,,,active,,
848,North Tamborine,North Tamborine,North Tamborine,North Tamborine,186,63,130,,active,,
849,Northern Beaches,Northern Beaches,Northern Beaches,Northern Beaches,186,,,,active,,3348
850,Northgate (Brisbane),Northgate (Brisbane),Northgate (Brisbane),Northgate (Brisbane),186,63,,,active,,
851,Nosy Be,Nosy Be,Nosy Be,Nosy Be,22,,,1703,active,,24576
852,Noth Male Atoll,Noth Male Atoll,Noth Male Atoll,North Male Atoll,50,,,1360,active,,
853,Noumea,Noumea,Noumea,Noumea,196,30,141,1704,active,,
854,Nouméa,Nouméa,Nouméa,Nouméa,196,,,790,active,,3509
855,Nuku Hiva,Nuku Hiva,Nuku Hiva,Nuku Hiva,192,,,,active,,
856,Nukualofa,Nukualofa,Nukualofa,Nukualofa,202,89,,2442,active,,
857,Nukubati Island,Nukubati Island,Nukubati Island,Nukubati Island,191,93,151,2528,active,,
858,Nusa Dua,Nusa Dua,Nusa Dua,Nusa Dua,60,,,1709,active,,
859,Nxai Pan,Nxai Pan,Nxai Pan,Nxai Pan,5,,73,1713,active,,
860,Nyanga Nationalpark,Nyanga Nationalpark,Nyanga Nationalpark,Nyanga Nationalpark,46,,100,1714,in review,,
861,Nyerere Nationalpark,Nyerere Nationalpark,Nyerere Nationalpark,Nyerere Nationalpark,38,,,1715,active,,
862,Oak Beach near Port Douglas,Oak Beach near Port Douglas,Oak Beach near Port Douglas,Oak Beach near Port Douglas,186,63,150,1917,active,,
863,Oamaru,Oamaru,Oamaru,Oamaru,188,81,19,1722,active,,
864,Ohakune,Ohakune,Ohakune,Ohakune,188,51,156,1727,active,,
865,Ohrigstad,Ohrigstad,Ohrigstad,Ohrigstad,37,35,109,1728,active,,
866,Okahandja,Okahandja,Okahandja,Okahandja,28,,127,1731,active,,
867,Okavango Delta,Okavango Delta,Okavango Delta,Okavango Delta,5,,102,1734,in review,,
868,Okavango Pan Handle & Tsodilo Hills,Okavango Pan Handle & Tsodilo Hills,Okavango Pan Handle & Tsodilo Hills,Okavango Pan Handle & Tsodilo Hills,5,,124,2474,active,,
869,Omapere,Omapere,Omapere,Omapere,188,,,2566,active,,
870,,Oongkalkada Wilderness Camp,,,186,,,,active,,82198
871,Ootu Beach,Ootu Beach,Ootu Beach,Ootu Beach,190,1,2,25,active,,
872,Opoa Beach,Opoa Beach,Opoa Beach,Opoa Beach,192,64,115,2017,active,,
873,Opua,Opua,Opua,Opua,188,51,99,1756,active,,
874,Orewa,Orewa,Orewa,Orewa,188,51,7,1760,active,,
875,Orlando,Orlando,Orlando,Orlando,184,16,,,active,,121804
876,Orpheus Island,Orpheus Island,Orpheus Island,Orpheus Island,186,63,42,1765,active,,
877,Ort des Depots,Ort des Depots,Ort des Depots,Ort des Depots,,8,,,active,,
878,Osaka,Osaka,Osaka,Osaka,61,,,1766,active,,4141
879,Osterinsel,Osterinsel,Osterinsel,Paaseiland,172,,,,in review,,3806
880,Ostküste,Ostküste,Ostküste,Ostküste,51,,105,1449,in review,,
881,Otea,Otea,Otea,Otea,202,94,,2530,active,,
882,Otjiwarongo,Otjiwarongo,Otjiwarongo,Otjiwarongo,28,,127,1776,active,,
883,Otorhanga,Otorhanga,Otorhanga,Otorhanga,188,51,22,2568,active,,
884,Oudtshoorn,Oudtshoorn,Oudtshoorn,Oudtshoorn,37,99,39,1780,active,,
885,Ouvea,Ouvea,Ouvea,Ouvea,196,29,,1784,active,,
886,Owhango,Owhango,Owhango,Owhango,188,51,22,1785,active,,
887,Oyster Bay,Oyster Bay,Oyster Bay,Oyster Bay,37,10,39,1786,active,,
888,,Pa Harakeke,,,188,,,,active,,115253
889,Paarl,Paarl,Paarl,Paarl,37,,157,1789,active,,
890,Pacific Harbour,Pacific Harbour,Pacific Harbour,Pacific Harbour,191,96,154,2554,active,,
891,,Padang,,,60,,,,active,,57740
892,Paihia,Paihia,Paihia,Paihia,188,51,99,1798,active,,3354
893,Paihia / Cape Reinga,Paihia / Cape Reinga,Paihia / Cape Reinga,Paihia / Cape Reinga,188,,,,active,,
894,,Pakse,Pakse,,66,,,,active,,4119
895,"Palermo Soho, Buenos Aires","Palermo Soho, Buenos Aires","Palermo Soho, Buenos Aires","Palermo Soho, Buenos Aires",169,,,278,active,,
896,Palm Cove,Palm Cove,Palm Cove,Palm Cove,186,63,150,305,active,,5906
897,Palmar,Palmar,Palmar,Palmar,51,,105,1449,active,,
898,Palmerston North,Palmerston North,Palmerston North,Palmerston North,188,,,,active,,
899,,Palmwag Lodge,,,105,,,,active,,3536
900,Palomino,Palomino,Palomino,Palomino,176,71,56,1810,active,,
901,Panama Beach,Panama Beach,Panama Beach,Panama Beach,161,,,,active,,
902,Panama-City,Panama City,Panama City,Panama-City,168,,108,,active,,121929
903,Pangkor Laut,Pangkor Laut,Pangkor Laut,Pangkor Laut,68,,162,1813,active,,
904,Papeete,Papeete,Papeete,Papeete,192,83,144,2347,active,,3498
905,Papetoai,Papetoai,Papetoai,Papetoai,192,44,84,1548,active,,
906,Sydney,Paracas,Paracas,Paracas,178,60,140,1817,active,,103126
907,Parachilna,Parachilna,Parachilna,Parachilna,186,77,35,665,active,,
908,Paraparaumu,Paraparaumu,,Paraparaumu,188,,,,active,,21541
909,Paraparaumu (Kapiti Coast),Paraparaumu (Kapiti Coast),Paraparaumu (Kapiti Coast),Paraparaumu (Kapiti Coast),188,51,159,1819,active,,
910,Paraparaumu Beach,Paraparaumu Beach,Paraparaumu Beach,Paraparaumu Beach,188,,,1819,active,,
911,Paro,Paro,Paro,Paro,55,,,1823,active,,122144
912,Patagonia National Park - Chacabuco Valley,Patagonia National Park - Chacabuco Valley,Patagonia National Park - Chacabuco Valley,Patagonia National Park - Chacabuco Valley,172,,,140,active,,
913,Paternoster,Paternoster,Paternoster,Paternoster,37,,132,1831,active,,
914,Patio,Patio,Patio,Patio,192,82,143,2346,active,,
915,Pauanui,Pauanui,Pauanui,Pauanui,188,51,22,478,active,,
916,Pauanui Beach,Pauanui Beach,Pauanui Beach,Pauanui Beach,188,51,22,478,active,,
917,Paynesville,Paynesville,Paynesville,Paynesville,186,95,134,1836,active,,
918,Peka Peka (Kapiti Coast),Peka Peka (Kapiti Coast),Peka Peka (Kapiti Coast),Peka Peka (Kapiti Coast),188,51,159,1819,active,,
919,Peking,Peking,Peking,Peking,57,,,1838,active,,36758
920,Pemba Island,Pemba Island,Pemba Island,Pemba Island,38,,,1841,active,,
921,Pemberton,Pemberton,Pemberton,Pemberton,186,98,142,1842,active,,
922,,Penneshaw,,,186,,,,active,,84124
923,Peregian Beach,Peregian Beach,Peregian Beach,Peregian Beach,186,63,130,1693,active,,
924,Pereybere,Pereybere,Pereybere,Pereybere,51,,91,1449,active,,
925,"Perhentian Island, Terengganu","Perhentian Island, Terengganu","Perhentian Island, Terengganu","Perhentian Island, Terengganu",68,,75,1851,active,,
926,Perth,Perth,Perth,Perth,186,98,135,1854,active,,3335
927,"Perth, Bellevue","Perth, Bellevue","Perth, Bellevue","Perth, Bellevue",,98,,,active,,
928,"Perth, Belmont (Airport)","Perth, Belmont (Airport)","Perth, Belmont (Airport)","Perth, Belmont (Airport)",186,98,135,1854,active,,
929,"Perth, High Wycombe","Perth, High Wycombe","Perth, High Wycombe","Perth, High Wycombe",186,98,,,active,,
930,"Perth, Redcliffe","Perth, Redcliffe","Perth, Redcliffe","Perth, Redcliffe",186,98,,,active,,
931,"Perth, Scarborough","Perth, Scarborough","Perth, Scarborough","Perth, Scarborough",186,98,135,1854,active,,
932,Perth-Balcatta,Perth-Balcatta,Perth-Balcatta,Perth-Balcatta,186,98,,,active,,
933,Perth-Kewdale,Perth-Kewdale,Perth-Kewdale,Perth-Kewdale,186,98,,,active,,
934,Perth-Welshpool,Perth-Welshpool,Perth-Welshpool,Perth-Welshpool,186,98,,,active,,
935,Petermann,Petermann,Petermann,Petermann,186,55,119,1096,active,,
936,Peyreybere,Peyreybere,Peyreybere,Peyreybere,51,,91,1449,active,,
937,Phalaborwa,Phalaborwa,Phalaborwa,Phalaborwa,37,35,64,1858,active,,
938,Phan Thiet,Phan Thiet,Phan Thiet,Phan Thiet,83,,89,1859,active,,
939,Phan Thiet (Binh Thuan),Phan Thiet (Binh Thuan),Phan Thiet (Binh Thuan),Phan Thiet (Binh Thuan),83,,89,1859,active,,
940,"Phillip Island, Cowes","Phillip Island, Cowes","Phillip Island, Cowes","Phillip Island, Cowes",186,95,134,1862,active,,
941,"Phillip Island, Rhyll","Phillip Island, Rhyll","Phillip Island, Rhyll","Phillip Island, Rhyll",186,95,134,1862,active,,
942,"Phillip Island, Smiths Beach","Phillip Island, Smiths Beach","Phillip Island, Smiths Beach","Phillip Island, Smiths Beach",186,95,134,1862,active,,
943,Phnom Penh,Phnom Penh,Phnom Penh,Phnom Penh,62,,,1864,active,,4117
944,,Phoenix,,,184,,,,active,,121458
945,Phu Quoc,Phu Quoc,Phu Quoc,Phu Quoc,83,,112,1868,in review,,
946,,Phuket,Phuket,Siem Reap,79,,,,in review,,4121
947,"Phuket, Bang Tao Beach","Phuket, Bang Tao Beach","Phuket, Bang Tao Beach","Phuket, Bang Tao Beach",79,,113,1869,active,,
948,Phuthaditjhaba,Phuthaditjhaba,Phuthaditjhaba,Phuthaditjhaba,37,,27,571,active,,
949,Pialba,Pialba,Pialba,Pialba,186,63,,,active,,
950,Picton,Picton,Picton,Picton,188,81,78,1872,active,,21542
951,Piet Retief,Piet Retief,Piet Retief,Piet Retief,37,45,132,1874,active,,
952,Pinegowrie,Pinegowrie,Pinegowrie,Pinegowrie,37,,,,active,,
953,Pirae,Pirae,Pirae,Pirae,192,83,144,2347,active,,
954,Piton de la Fournaise,Piton de la Fournaise,Piton de la Fournaise,Piton de la Fournaise,49,,,1177,active,,
955,Piton des Neiges,Piton des Neiges,Piton des Neiges,Piton des Neiges,49,,,430,active,,
956,Playa del Carmen,Playa del Carmen,Playa del Carmen,Playa del Carmen,166,,164,,active,,121955
957,Playa del Coco,Playa del Coco,Playa del Coco,Playa del Coco,161,,,,active,,
958,Playa Esmeralda,Playa Esmeralda,Playa Esmeralda,Playa Esmeralda,162,,104,809,active,,
959,Playa Hermosa,Playa Hermosa,Playa Hermosa,Playa Hermosa,161,,,,active,,
960,Playa Tamarindo,Playa Tamarindo,Playa Tamarindo,Playa Tamarindo,161,,,,active,,
961,Playas,Playas,Playas,Playas,173,,,1893,active,,
962,Plettenberg Bay,Plettenberg Bay,Plettenberg Bay,Plettenberg Bay,37,,39,1894,active,,
963,Poconé,Poconé,Poconé,Poconé,171,,110,503,active,,
964,Pointe aux Cannoniers,Pointe aux Cannoniers,Pointe aux Cannoniers,Pointe aux Cannoniers,51,,91,1449,active,,
965,Pointe aux Canonnier,Pointe aux Canonnier,Pointe aux Canonnier,Pointe aux Canonnier,51,,95,1449,active,,
966,Pointe aux Canonniers,Pointe aux Canonniers,Pointe aux Canonniers,Pointe aux Canonniers,51,,91,1449,active,,
967,Pointe aux Piments,Pointe aux Piments,Pointe aux Piments,Pointe aux Piments,51,,95,1449,active,,
968,Pointe de Flacq,Pointe de Flacq,Pointe de Flacq,Pointe de Flacq,51,,105,,active,,
969,Poipu,Poipu,Poipu,Poipu,184,23,,,active,,
970,Poipu Beach,Poipu Beach,Poipu Beach,Poipu Beach,184,23,57,,active,,
971,"Pokeno, Auckland","Pokeno, Auckland","Pokeno, Auckland","Pokeno, Auckland",188,,,,active,,
972,Pokolbin,Pokolbin,Pokolbin,Pokolbin,186,49,128,915,active,,
973,"Pomon, Kempton Park","Pomon, Kempton Park","Pomon, Kempton Park","Pomon, Kempton Park",28,18,,,active,,
974,"Pomona, Kempton Park, Johannesburg","Pomona, Kempton Park, Johannesburg","Pomona, Kempton Park, Johannesburg","Pomona, Kempton Park, Johannesburg",37,18,,,active,,
975,Pongola,Pongola,Pongola,Pongola,37,33,169,1904,active,,
976,"Ponoma, Kempton Park","Ponoma, Kempton Park","Ponoma, Kempton Park","Ponoma, Kempton Park",37,18,,,active,,
977,Ponta Mamoli,Ponta Mamoli,Ponta Mamoli,Ponta Mamoli,27,,,1906,active,,
978,Port Alfred,Port Alfred,Port Alfred,Port Alfred,37,10,39,1909,active,,
979,Port Arthur,Port Arthur,Port Arthur,Port Arthur,186,85,133,1911,active,,
980,Port Augusta,Port Augusta,Port Augusta,Port Augusta,186,77,131,1912,active,,
981,Port Boise,Port Boise,Port Boise,Port Boise,196,19,,1915,active,,
982,Port Campbell,Port Campbell,Port Campbell,Port Campbell,186,95,43,1916,active,,
983,Port Denarau,Port Denarau,Port Denarau,Port Denarau,191,,,,active,,
984,Port Douglas,Port Douglas,Port Douglas,Port Douglas,186,63,150,1917,active,,3349
985,Johannesburg,Port Elizabeth,Port Elizabeth,Johannesburg,37,,,,active,,3518
986,Port Fairy,Port Fairy,Port Fairy,Port Fairy,186,95,43,1921,active,,
987,Port Hedland,Port Hedland,Port Hedland,Port Hedland,186,98,162,1923,active,,
988,Port Lincoln,Port Lincoln,Port Lincoln,Port Lincoln,186,77,131,1925,active,,6211
989,Port Macquarie,Port Macquarie,Port Macquarie,Port Macquarie,186,49,128,1926,active,,
990,Port Moresby,Port Moresby,Port Moresby,Port Moresby,198,,,,active,,5232
991,"Port of Airlie, Airlie Beach","Port of Airlie, Airlie Beach","Port of Airlie, Airlie Beach","Port of Airlie, Airlie Beach",186,63,,,active,,
992,Port Vila,Port Vila,Port Vila,Port Vila,204,11,,600,active,,3510
993,,Portland,,,184,,,,active,,121728
994,Poste de Flacq,Poste de Flacq,Poste de Flacq,Poste de Flacq,51,,105,1449,active,,
995,Poste Lafayette,Poste Lafayette,Poste Lafayette,Poste Lafayette,51,,105,1449,active,,
996,Praia do Barra,Praia do Barra,Praia do Barra,Praia do Barra,27,,,1949,active,,
997,Praia do Forte,Praia do Forte,Praia do Forte,Praia do Forte,171,,,1948,active,,
998,Praia do Tofo,Praia do Tofo,Praia do Tofo,Praia do Tofo,27,,,1949,active,,
999,Praslin,Praslin,Praslin,Praslin,52,,,1950,active,,3538
1000,Pretoria,Pretoria,Pretoria,Pretoria,37,18,132,1952,active,,3512
1001,Princeville,Princeville,Princeville,Princeville,184,23,,,active,,
1002,"Providenzia, Santiago de Chile","Providenzia, Santiago de Chile","Providenzia, Santiago de Chile","Providenzia, Santiago de Chile",172,,,2169,active,,
1003,Puerto Carrillo,Puerto Carrillo,Puerto Carrillo,Puerto Carrillo,161,20,90,2123,active,,
1004,Puerto Iguazu,Puerto Iguazu,Puerto Iguazu,Puerto Iguazu,169,,,1968,active,,
1005,"Puerto Madero, Buenos Aires","Puerto Madero, Buenos Aires","Puerto Madero, Buenos Aires","Puerto Madero, Buenos Aires",169,,,278,active,,
1006,,Puerto Madryn,Puerto Madryn,,169,,,,active,,121796
1007,Puerto Maldonado,Puerto Maldonado,Puerto Maldonado,Puerto Maldonado,178,,,1972,active,,
1008,,Puerto Montt,Puerto Montt,Puerto Montt,172,,,,active,,3803
1009,Puerto Natales,Puerto Natales,Puerto Natales,Puerto Natales,172,,111,1975,active,,60637
1010,Puerto Varas,Puerto Varas,Puerto Varas,Puerto Varas,172,,123,1979,active,,119582
1011,Puerto Viejo de Talamanca,Puerto Viejo de Talamanca,Puerto Viejo de Talamanca,Puerto Viejo de Talamanca,161,,17,1980,active,,
1012,Pulau Tioman Island,Pulau Tioman Island,Pulau Tioman Island,Pulau Tioman Island,68,,75,2421,active,,
1013,Punaauia,Punaauia,Punaauia,Punaauia,192,83,144,2347,active,,
1014,Punakaiki,Punakaiki,Punakaiki,Punakaiki,188,81,160,1983,active,,
1015,Puno,Puno,Puno,Puno,178,,148,1985,active,,3816
1016,Puno - Lake Titicaca,Puno - Lake Titicaca,Puno - Lake Titicaca,Puno - Lake Titicaca,178,,,1985,active,,
1017,Punta Arenas,Punta Arenas,Punta Arenas,Punta Arenas,172,,111,1986,active,,3796
1018,Pureora - Benneydale,Pureora - Benneydale,Pureora - Benneydale,Pureora - Benneydale,188,,,,active,,
1019,Purnululu Nationalpark,Purnululu Nationalpark,Purnululu Nationalpark,Purnululu Nationalpark,186,98,59,286,active,,
1020,"Puyuhuapi, Aysen","Puyuhuapi, Aysen","Puyuhuapi, Aysen","Puyuhuapi, Aysen",172,,,140,active,,
1021,Pyrmont,Pyrmont,Pyrmont,Pyrmont,186,49,,,active,,
1022,Qamea Island,Qamea Island,Qamea Island,Qamea Island,191,,146,1995,active,,
1023,Queen Charlotte Sound (Marlborough),Queen Charlotte Sound (Marlborough),Queen Charlotte Sound (Marlborough),Queen Charlotte Sound (Marlborough),188,81,78,2003,active,,
1024,Queenstown,Queenstown,Queenstown,Queenstown,188,81,106,2005,active,,3363
1025,Queenstown Airport,Queenstown Airport,Queenstown Airport,Queenstown Airport,188,,,,active,,
1026,Queenstown-Frankton,Queenstown-Frankton,Queenstown-Frankton,Queenstown-Frankton,188,,,,active,,
1027,,Quepos,Quepos,Quepos,161,,,,active,,121976
1028,"Quetroleufu, Pucon","Quetroleufu, Pucon","Quetroleufu, Pucon","Quetroleufu, Pucon",172,,,1964,active,,
1029,Quito,Quito,Quito,Quito,173,,114,2012,active,,3821
1030,,Québec,,,182,,,,active,,121465
1031,Qwabi Private Game Reserve,Qwabi Private Game Reserve,Qwabi Private Game Reserve,Qwabi Private Game Reserve,37,,132,2585,active,,
1032,Raa Atoll,Raa Atoll,Raa Atoll,Raa Atoll,50,,,1360,active,,
1033,,Rabaul,,,105,,,,active,,5234
1034,Raiatea,Raiatea,Raiatea,Raiatea,192,,,2017,active,,66531
1035,Rainbow Beach,Rainbow Beach,Rainbow Beach,Rainbow Beach,186,63,130,2018,active,,37129
1036,Rakiraki,Rakiraki,Rakiraki,Rakiraki,191,96,154,2554,active,,
1037,Rangiroa,Rangiroa,Rangiroa,Rangiroa,192,91,116,2026,active,,3499
1038,Ranohira,Ranohira,Ranohira,Ranohira,22,,,2027,active,,
1039,,Rapid City,,,184,,,,active,,121814
1040,Rarotonga,Rarotonga,Rarotonga,Rarotonga,190,,117,,active,,3503
1041,Rawnsley Park,Rawnsley Park,Rawnsley Park,Rawnsley Park,186,77,35,665,active,,
1042,,Recife,,Punta Arenas,171,,,,active,,60638
1043,"Redang Island, Kuala Terengganu","Redang Island, Kuala Terengganu","Redang Island, Kuala Terengganu","Redang Island, Kuala Terengganu",68,,75,2035,active,,
1044,Rincon del Mar,Rincon del Mar,Rincon del Mar,Rincon del Mar,176,,62,2051,active,,
1045,Rio de Janeiro,Rio de Janeiro,Rio de Janeiro,Rio de Janeiro,171,,118,2052,in review,,3825
1046,Riviera Pacifica,Riviera Pacifica,Riviera Pacifica,Riviera Pacifica,168,,108,,active,,
1047,Robe,Robe,Robe,Robe,186,77,131,2061,active,,
1048,Robinson Bay,Robinson Bay,Robinson Bay,Robinson Bay,188,81,19,29,active,,
1049,Roches Noires,Roches Noires,Roches Noires,Roches Noires,51,,105,1449,active,,
1050,,Rorschach,,,136,,,,active,,121908
1051,Rotoava,Rotoava,Rotoava,Rotoava,192,15,31,647,active,,
1052,Rotorua,Rotorua,Rotorua,Rotorua,188,51,22,2080,active,,3358
1053,Rottnest Island,Rottnest Island,Rottnest Island,Rottnest Island,186,98,135,2081,active,,
1054,Round Island,Round Island,Round Island,Round Island,52,,,2706,active,,
1055,Ruaha Nationalpark,Ruaha Nationalpark,Ruaha Nationalpark,Ruaha Nationalpark,38,,,2083,active,,
1056,Rurutu,Rurutu,Rurutu,Rurutu,192,,,,active,,
1057,Rushcutters Bay,Rushcutters Bay,Rushcutters Bay,Rushcutters Bay,186,49,,,active,,
1058,Russell,Russell,Russell,Russell,188,51,99,2088,active,,
1059,Rye Beach,Rye Beach,Rye Beach,Rye Beach,186,95,134,1552,active,,
1060,Sabi Sand Game Reserve,Sabi Sand Game Reserve,Sabi Sand Game Reserve,Sabi Sand Game Reserve,37,45,64,2092,active,,
1061,Saigon,Saigon,Saigon,Saigon,83,,120,2098,active,,4118
1062,Saint Leu,Saint Leu,Saint Leu,Saint Leu,49,,,2107,active,,
1063,Saint Pierre,Saint Pierre,Saint Pierre,Saint Pierre,49,,,2100,active,,
1064,Saint-Benoît,Saint-Benoît,Saint-Benoît,Saint-Benoît,49,,,782,active,,
1065,Saint-Gilles-Les-Bains,Saint-Gilles-Les-Bains,Saint-Gilles-Les-Bains,Saint-Gilles-Les-Bains,49,,,1181,active,,
1066,Saint-Joseph,Saint-Joseph,Saint-Joseph,Saint-Joseph,49,,,2282,active,,
1067,Saint-Louis,Saint-Louis,Saint-Louis,Saint-Louis,49,,,1056,active,,
1068,Sainte Clotilde,Sainte Clotilde,Sainte Clotilde,Sainte Clotilde,49,,,,active,,
1069,Sainte Marie,Sainte Marie,Sainte Marie,Sainte Marie,22,,,2109,active,,
1070,Sainte-Anne,Sainte-Anne,Sainte-Anne,Sainte-Anne,49,,,2279,active,,
1071,Salazie,Salazie,Salazie,Salazie,49,,,2111,active,,
1072,,Salt Lake City,,,184,,,,active,,121444
1073,Salt Rock,Salt Rock,Salt Rock,Salt Rock,37,,169,139,active,,
1074,Salta,Salta,Salta,Salta,169,,94,2120,active,,6224
1075,Salvador da Bahia,Salvador da Bahia,Salvador da Bahia,Salvador da Bahia,171,,92,2121,active,,3826
1076,Samara,Samara,Samara,Samara,161,,,,active,,
1077,Samborondón - Guayaquil,Samborondón - Guayaquil,Samborondón - Guayaquil,Samborondón - Guayaquil,173,,28,811,active,,
1078,Samburu Nationalreservat,Samburu Nationalreservat,Samburu Nationalreservat,Samburu Nationalreservat,17,,,2127,active,,
1079,,San Antonio,,,,,,,active,,122134
1080,"San Blas, Cusco","San Blas, Cusco","San Blas, Cusco","San Blas, Cusco",178,,25,511,active,,
1081,San Clemente,San Clemente,San Clemente,San Clemente,173,,,,active,,
1082,San Cristobal,San Cristobal,San Cristobal,San Cristobal,211,17,38,2133,active,,3823
1083,San Francisco,San Francisco,San Francisco,San Francisco,184,31,,2137,active,,121437
1084,San Fransisco,San Fransisco,San Fransisco,San Fransisco,184,31,,,active,,
1085,San Gerardo de Dota,San Gerardo de Dota,San Gerardo de Dota,San Gerardo de Dota,161,,,,active,,
1086,San Jose,San Jose,San Jose,San Jose,161,,,,active,,121674
1087,San Jose de Maipo,San Jose de Maipo,San Jose de Maipo,San Jose de Maipo,172,,,2169,active,,
1088,San José,San José,San José,San José,161,70,167,,active,,
1089,Sydney,San Pedro de Atacama,San Pedro de Atacama,San Pedro de Atacama,172,,5,2150,active,,37120
1090,,Sandakan,Sandakan,,68,,,,active,,4126
1091,Santa Cruz,Santa Cruz,Santa Cruz,Santa Cruz,170,17,38,1965,active,,3820
1092,"Santa Maria, Machangulo","Santa Maria, Machangulo","Santa Maria, Machangulo","Santa Maria, Machangulo",27,40,,2164,active,,
1093,,Santa Marta,Santa Marta,,176,,,,active,,121474
1094,Santiago,Santiago,Santiago,Santiago,172,,,,active,,
1095,Santiago de Chile,Santiago de Chile,Santiago de Chile,Santiago de Chile,172,,121,2169,active,,3793
1096,Sanur,Sanur,Sanur,Sanur,60,,,2172,active,,
1097,,Sao Luis,Sao Luis,,171,,,,active,,121472
1098,Sarasota,Sarasota,Sarasota,Sarasota,184,16,,2184,active,,
1099,,Savaii,,,200,,,,active,,122101
1100,Savanne,Savanne,Savanne,Savanne,51,,139,1449,active,,
1101,Savu Savu,Savu Savu,Savu Savu,Savu Savu,191,93,151,2528,active,,
1102,Savuti,Savuti,Savuti,Savuti,5,,122,2194,in review,,
1103,Savuti Kanal,Savuti Kanal,Savuti Kanal,Savuti Kanal,5,,122,2194,active,,
1104,Scamander,Scamander,Scamander,Scamander,186,85,133,,active,,
1105,,Schaffhausen,,,136,,,,active,,121907
1106,Sydney,Schweiz,Schweiz,Nederland,188,,,,in review,,3517
1107,Seattle,Seattle,Seattle,Seattle,184,97,,,active,,121441
1108,Sedgefield,Sedgefield,Sedgefield,Sedgefield,37,,39,1109,active,,
1109,Seeheim,Seeheim,Seeheim,Seeheim,28,,34,658,active,,
1110,Selinda Game Reserve,Selinda Game Reserve,Selinda Game Reserve,Selinda Game Reserve,5,,69,2208,active,,
1111,Selous Game Reserve,Selous Game Reserve,Selous Game Reserve,Selous Game Reserve,38,,,2711,active,,
1112,"Selous, Zimbabwe","Selous, Zimbabwe","Selous, Zimbabwe","Selous, Zimbabwe",46,,,,active,,
1113,Seminyak,Seminyak,Seminyak,Seminyak,60,,,2210,active,,
1114,Sepik Region,Sepik Region,Sepik Region,Sepik Region,198,,,,active,,
1115,Zanzibar,Serengeti,,Serengeti,38,,,,active,,24574
1116,Serengeti Nationalpark,Serengeti Nationalpark,Serengeti Nationalpark,Serengeti Nationalpark,38,,,2217,active,,
1117,Sesfontein,Sesfontein,Sesfontein,Sesfontein,28,,127,2219,active,,
1118,,Seward,,,205,,,,active,,121591
1119,,Shanghai,,,57,,,,active,,36759
1120,Shark Bay,Shark Bay,Shark Bay,Shark Bay,186,98,162,1528,active,,
1121,Siem Reap,Siem Reap,Siem Reap,Siem Reap,62,,,2241,active,,4111
1122,Sigatoga,Sigatoga,Sigatoga,Sigatoga,191,,,,active,,
1123,Sigatoka,Sigatoka,Sigatoka,Sigatoka,191,96,154,2554,active,,
1124,"Sihanouk Ville, Cambodia Phnom Penh Office: The Royal Sands Koh Rong Co., Ltd Building No. 60 (Unit 203) - 2nd Floor, Preah Monivong Blvd, Sangkat Wat Phnom, Khan Duan Penh, Phnom Penh, Cambodia.","Sihanouk Ville, Cambodia Phnom Penh Office: The Royal Sands Koh Rong Co., Ltd Building No. 60 (Unit 203) - 2nd Floor, Preah Monivong Blvd, Sangkat Wat Phnom, Khan Duan Penh, Phnom Penh, Cambodia.","Sihanouk Ville, Cambodia Phnom Penh Office: The Royal Sands Koh Rong Co., Ltd Building No. 60 (Unit 203) - 2nd Floor, Preah Monivong Blvd, Sangkat Wat Phnom, Khan Duan Penh, Phnom Penh, Cambodia.","Sihanouk Ville, Cambodia Phnom Penh Office: The Royal Sands Koh Rong Co., Ltd Building No. 60 (Unit 203) - 2nd Floor, Preah Monivong Blvd, Sangkat Wat Phnom, Khan Duan Penh, Phnom Penh, Cambodia.",,,,,active,,
1125,Silhouette Island,Silhouette Island,Silhouette Island,Silhouette Island,52,,,2244,active,,
1126,Simon´s Town,Simon´s Town,Simon´s Town,Simon´s Town,37,99,55,2247,active,,
1127,Sinclair Nature Reserve,Sinclair Nature Reserve,Sinclair Nature Reserve,Sinclair Nature Reserve,28,,86,2422,active,,
1128,Singapur,Singapur,Singapur,Singapur,75,,,2248,in review,,4128
1129,Siumu,Siumu,Siumu,Siumu,200,92,,2510,active,,
1130,Skelettküste,Skelettküste,Skelettküste,Skelettküste,28,,66,2253,active,,
1131,,Skukuza,Skukuza,,,,,,active,,121330
1132,Solitaire,Solitaire,Solitaire,Solitaire,28,,86,2257,active,,
1133,Somerset West,Somerset West,Somerset West,Somerset West,37,,,,active,,
1134,Sonaisali,Sonaisali,Sonaisali,Sonaisali,191,96,154,2554,active,,
1135,Songimvelo Game Reserveni,Songimvelo Game Reserveni,Songimvelo Game Reserveni,Songimvelo Game Reserveni,37,,132,2260,active,,
1136,Sossusvlei,Sossusvlei,Sossusvlei,Sossusvlei,28,,86,2220,active,,
1137,"South Alligator, Kakadu Nationalpark","South Alligator, Kakadu Nationalpark","South Alligator, Kakadu Nationalpark","South Alligator, Kakadu Nationalpark",186,55,149,1008,active,,
1138,South Ari Atoll,South Ari Atoll,South Ari Atoll,South Ari Atoll,50,76,,1360,active,,
1139,South Luangwa Nationalpark,South Luangwa Nationalpark,South Luangwa Nationalpark,South Luangwa Nationalpark,44,,136,2266,active,,
1140,South Townsville,South Townsville,South Townsville,South Townsville,186,63,,,active,,
1141,Soutpansberg Mountains,Soutpansberg Mountains,Soutpansberg Mountains,Soutpansberg Mountains,37,35,97,1354,active,,
1142,St Gilles les Bains,St Gilles les Bains,St Gilles les Bains,St Gilles les Bains,49,,,2281,active,,
1143,"St Helier, Jersey, Channel Islands","St Helier, Jersey, Channel Islands","St Helier, Jersey, Channel Islands","St Helier, Jersey, Channel Islands",186,,,,active,,
1144,St. Denis,St. Denis,St. Denis,Saint-Denis,49,,,2280,active,,3542
1145,St. Felix (B10),St. Felix (B10),St. Felix (B10),St. Felix (B10),51,,139,1449,active,,
1146,St. Francis Bay,St. Francis Bay,St. Francis Bay,St. Francis Bay,37,10,39,2286,active,,
1147,St. Helens,St. Helens,St. Helens,St. Helens,186,85,133,2288,active,,
1148,"St. Helliers, Auckland","St. Helliers, Auckland","St. Helliers, Auckland","St. Helliers, Auckland",188,,,,active,,
1149,,St. John‘s,,,182,,,,active,,121948
1150,St. Kilda,St. Kilda,St. Kilda,St. Kilda,186,95,134,1466,active,,
1151,St. Lucia,St. Lucia,St. Lucia,St. Lucia,37,,169,2295,active,,
1152,Stellenbosch,Stellenbosch,Stellenbosch,Stellenbosch,37,99,157,2304,active,,
1153,Stewart Island,Stewart Island,Stewart Island,Stewart Island,188,81,138,2305,active,,
1154,Storms River Village,Storms River Village,Storms River Village,Storms River Village,37,,39,2473,active,,
1155,Strahan,Strahan,Strahan,Strahan,186,85,133,2311,active,,5904
1156,Sucre,Sucre,Sucre,Sucre,170,,,2318,active,,101926
1157,Sunninghill,Sunninghill,Sunninghill,Sunninghill,37,,,,active,,
1158,Surabaya,Surabaya,Surabaya,Surabaya,60,,,2699,active,,
1159,Suva,Suva,Suva,Suva,191,96,154,2330,active,,
1160,Swakopmund,Swakopmund,Swakopmund,Swakopmund,28,12,66,2332,active,,3534
1161,Swansea,Swansea,Swansea,Swansea,186,85,133,2334,active,,
1162,Swellendam,Swellendam,Swellendam,Swellendam,37,99,132,2335,active,,
1163,Sydney,Sydney,Sydney,Sydney,186,49,128,2336,active,,3330
1164,Sydney Airport,Sydney Airport,Sydney Airport,Sydney Airport,186,49,128,2336,active,,
1165,"Sydney Airport, Wolli Creek","Sydney Airport, Wolli Creek","Sydney Airport, Wolli Creek","Sydney Airport, Wolli Creek",186,49,128,2336,active,,
1166,Sydney The Rocks,Sydney The Rocks,Sydney The Rocks,Sydney The Rocks,,,,,active,,
1167,"Sydney, Banksmeadow","Sydney, Banksmeadow","Sydney, Banksmeadow","Sydney, Banksmeadow",186,49,,,active,,
1168,"Sydney, Bankstown Aerodrome","Sydney, Bankstown Aerodrome","Sydney, Bankstown Aerodrome","Sydney, Bankstown Aerodrome",186,49,,,active,,
1169,"Sydney, Caringbah","Sydney, Caringbah","Sydney, Caringbah","Sydney, Caringbah",186,49,,,active,,
1170,"Sydney, Rushcutters Bay","Sydney, Rushcutters Bay","Sydney, Rushcutters Bay","Sydney, Rushcutters Bay",186,49,128,,active,,
1171,Sydney-Botany,Sydney-Botany,Sydney-Botany,Sydney-Botany,186,49,,,active,,
1172,Syndey,Syndey,Syndey,Syndey,186,49,,,active,,
1173,,Südwestküste,Südwestküste,Südwestküste,52,,,,active,,121933
1174,Tadine,Tadine,Tadine,Tadine,196,29,,1400,active,,
1175,Tadrai Island,Tadrai Island,Tadrai Island,Tadrai Island,191,38,76,1370,active,,
1176,Tahaa,Tahaa,Tahaa,Tahaa,192,,,2346,active,,
1177,Tahiti,Tahiti,Tahiti,Tahiti,192,,,2347,active,,3501
1178,"Tahiti, Faa´a","Tahiti, Faa´a","Tahiti, Faa´a","Tahiti, Faa´a",192,83,144,2347,active,,
1179,Taiohae,Taiohae,Taiohae,Taiohae,192,57,79,1707,active,,
1180,Taipa,Taipa,Taipa,Taipa,188,51,,568,active,,
1181,Tairua,Tairua,Tairua,Tairua,188,51,22,478,active,,
1182,Takaka,Takaka,Takaka,Takaka,188,81,1,756,active,,
1183,"Takapuna, Auckland","Takapuna, Auckland","Takapuna, Auckland","Takapuna, Auckland",188,,,112,active,,
1184,,Tallin,,,105,,,,active,,121926
1185,Tamanu,Tamanu,Tamanu,Tamanu,192,83,144,2347,active,,
1186,Tamarin Bay,Tamarin Bay,Tamarin Bay,Tamarin Bay,51,,162,1449,active,,
1187,Tamarindo,Tamarindo,Tamarindo,Tamarindo,161,20,90,,active,,
1188,Tambopata Naturreservat / Puerto Maldonado,Tambopata Naturreservat / Puerto Maldonado,Tambopata Naturreservat / Puerto Maldonado,Tambopata Naturreservat / Puerto Maldonado,178,,3,1972,active,,
1189,Tambor,Tambor,Tambor,Tambor,161,,,,active,,
1190,,Tampa,,,184,,,,active,,121839
1191,Tandayapa,Tandayapa,Tandayapa,Tandayapa,173,,,2012,active,,
1192,,Tanna,Tanna,Tanna,204,,,,active,,121810
1193,Tanunda,Tanunda,Tanunda,Tanunda,186,77,131,,active,,
1194,Tarangire Nationalpark,Tarangire Nationalpark,Tarangire Nationalpark,Tarangire Nationalpark,38,,,2372,active,,
1195,Taravao,Taravao,Taravao,Taravao,192,83,144,2347,active,,
1196,"Tari Region, Südliches Hochland","Tari Region, Südliches Hochland","Tari Region, Südliches Hochland","Tari Region, Südliches Hochland",198,,,,active,,
1197,Tarraleah,Tarraleah,Tarraleah,Tarraleah,186,85,133,,active,,
1198,,Tasmanien,Tasmanien,,186,,,,active,,115308
1199,Taupo,Taupo,Taupo,Taupo,188,51,22,2383,active,,21539
1200,Tauranga,Tauranga,Tauranga,Tauranga,188,,,,active,,
1201,"Tauranga, Mt. Maunganui","Tauranga, Mt. Maunganui","Tauranga, Mt. Maunganui","Tauranga, Mt. Maunganui",188,51,9,2384,active,,
1202,Taveuni,Taveuni,Taveuni,Taveuni,191,,146,,active,,
1203,Tawanui,Tawanui,Tawanui,Tawanui,188,,,369,active,,
1204,Te Anau,Te Anau,Te Anau,Te Anau,188,81,137,2387,active,,3364
1205,Tekapo,Tekapo,Tekapo,Tekapo,188,,,2493,active,,
1206,,Telegraph Cove,,,182,,,,active,,121588
1207,Temae,Temae,Temae,Temae,192,44,84,1548,active,,
1208,,Temuco,Temuco,Temuco,172,,,,active,,3808
1209,Tennant Creek,Tennant Creek,Tennant Creek,Tennant Creek,186,55,129,2397,active,,
1210,Tetiaroa,Tetiaroa,Tetiaroa,Tetiaroa,192,87,144,2402,active,,
1211,Thames,Thames,Thames,Thames,188,51,22,478,active,,
1212,The Catlins,The Catlins,The Catlins,The Catlins,188,81,106,369,active,,
1213,The Caves (north of Rockhampton),The Caves (north of Rockhampton),The Caves (north of Rockhampton),The Caves (north of Rockhampton),186,63,130,2406,active,,
1214,Thredbo,Thredbo,Thredbo,Thredbo,186,49,128,2410,active,,
1215,Tiahura,Tiahura,Tiahura,Tiahura,192,44,84,1548,active,,
1216,Tiahura - Haapiti,Tiahura - Haapiti,Tiahura - Haapiti,Tiahura - Haapiti,192,44,84,1548,active,,
1217,Tiber Creek,Tiber Creek,Tiber Creek,Tiber Creek,186,55,,,active,,
1218,,Tidal River,Tidal River,Tidal River,186,,,,active,,121869
1219,Tikehau,Tikehau,Tikehau,Tikehau,192,,147,2414,active,,
1220,Tikitere,Tikitere,Tikitere,Tikitere,188,,,2080,active,,
1221,Timbavati Game Reserve,Timbavati Game Reserve,Timbavati Game Reserve,Timbavati Game Reserve,37,35,64,2419,active,,
1222,"Tioman Island, Mersing, Johor","Tioman Island, Mersing, Johor","Tioman Island, Mersing, Johor","Tioman Island, Mersing, Johor",68,,75,2421,active,,
1223,Tirasberge,Tirasberge,Tirasberge,Tirasberge,28,,86,2422,active,,
1224,Titikaveka,Titikaveka,Titikaveka,Titikaveka,190,66,117,2029,active,,
1225,"Titikaveka, Rarotonga","Titikaveka, Rarotonga","Titikaveka, Rarotonga","Titikaveka, Rarotonga",190,,117,2029,active,,
1226,,Tofino,,,182,,,,active,,121593
1227,Tokoriki Island,Tokoriki Island,Tokoriki Island,Tokoriki Island,191,,76,1370,active,,
1228,Tokyo,Tokyo,Tokyo,Tokyo,61,,,2435,active,,120431
1229,Tonga,Tonga,Tonga,Tonga,202,,,,in review,,3508
1230,Tongariro Nationalpark,Tongariro Nationalpark,Tongariro Nationalpark,Tongariro Nationalpark,188,51,156,2441,active,,
1231,Tongatapu,Tongatapu,Tongatapu,Tongatapu,202,,,2442,active,,
1232,Toronto,Toronto,Toronto,Toronto,182,,,2443,active,,121466
1233,Tortuguero NP,Tortuguero NP,Tortuguero NP,Tortuguero NP,161,,,,active,,
1234,Townsville,Townsville,Townsville,Townsville,186,63,130,2451,active,,3350
1235,Tranmere,Tranmere,Tranmere,Tranmere,186,85,,,active,,
1236,Treasure Island,Treasure Island,Treasure Island,Treasure Island,191,38,76,1370,active,,
1237,,Trelew,Trelew,Trelew,169,,,,active,,3809
1238,,Trinidad,,La Paz,170,,,,active,,119549
1239,Trinity Beach,Trinity Beach,Trinity Beach,Trinity Beach,186,63,150,305,active,,
1240,,Trivandrum,Trivandrum,,59,,,,active,,4138
1241,Trou aux Biches,Trou aux Biches,Trou aux Biches,Trou aux Biches,51,,95,1449,active,,
1242,Trou aux Biches (B38),Trou aux Biches (B38),Trou aux Biches (B38),Trou aux Biches (B38),51,,95,1449,active,,
1243,Trou d'Eau Douce,Trou d'Eau Douce,Trou d'Eau Douce,Trou d'Eau Douce,51,,95,1449,active,,
1244,,Trujillo,Trujillo,Abel Tasman National Park,178,,,,active,,3814
1245,Tsavo West Nationalpark,Tsavo West Nationalpark,Tsavo West Nationalpark,Tsavo West Nationalpark,17,,,2470,active,,
1246,Tsim Sha Tsui,Tsim Sha Tsui,Tsim Sha Tsui,Tsim Sha Tsui,57,27,,894,active,,
1247,Tsimshatsui Kowloon Hong Kong,Tsimshatsui Kowloon Hong Kong,Tsimshatsui Kowloon Hong Kong,Tsimshatsui Kowloon Hong Kong,57,,,894,active,,
1248,Tsitsikamma Nationalpark,Tsitsikamma Nationalpark,Tsitsikamma Nationalpark,Tsitsikamma Nationalpark,37,10,39,2473,active,,
1249,Tuasivi,Tuasivi,Tuasivi,Tuasivi,200,73,141,2190,active,,
1250,Tufi,Tufi,Tufi,Tufi,198,,,2479,active,,
1251,Tuherahera,Tuherahera,Tuherahera,Tuherahera,192,88,147,2414,active,,
1252,Tuli Block,Tuli Block,Tuli Block,Tuli Block,5,,124,2483,active,,
1253,Tullamarine,Tullamarine,Tullamarine,Tullamarine,186,95,,,active,,
1254,,Tulsa,,,184,,,,active,,121645
1255,Tulum,Tulum,Tulum,Tulum,166,,164,,active,,
1256,Turangi,Turangi,Turangi,Turangi,188,51,22,2487,active,,
1257,Tutukaka,Tutukaka,Tutukaka,Tutukaka,188,,,,active,,70977
1258,Twizel,Twizel,Twizel,Twizel,188,81,19,2493,active,,
1259,Twyfelfontein,Twyfelfontein,Twyfelfontein,Twyfelfontein,28,,26,2494,active,,
1260,,Ubon Ratchathani,,,66,,,,active,,4862
1261,Ubud,Ubud,Ubud,Ubud,60,,,2497,active,,
1262,Udialla Springs,Udialla Springs,Udialla Springs,Udialla Springs,186,98,59,,active,,
1263,Ugab River,Ugab River,Ugab River,Ugab River,28,,26,2501,active,,
1264,Uhlenhorst,Uhlenhorst,Uhlenhorst,Uhlenhorst,28,,52,566,active,,
1265,Uis,Uis,Uis,Uis,28,,127,2501,active,,
1266,Undara,Undara,Undara,Undara,186,63,107,2507,active,,
1267,Johannesburg,Upington,Upington,Johannesburg,37,,,,active,,122137
1268,,Upolu,,,200,,,,active,,122149
1269,Upper Moutere,Upper Moutere,Upper Moutere,Upper Moutere,188,81,1,6,active,,
1270,Upper North Province,Upper North Province,Upper North Province,Upper North Province,50,67,,1360,active,,
1271,Urangan Hervey Bay,Urangan Hervey Bay,Urangan Hervey Bay,Urangan Hervey Bay,186,63,130,874,active,,
1272,Urquillos,Urquillos,Urquillos,Urquillos,178,,,864,active,,
1273,Usakos,Usakos,Usakos,Usakos,28,,127,2512,active,,
1274,Ushuaia,Ushuaia,Ushuaia,Ushuaia,169,,32,2513,active,,3807
1275,"Ushuaia, Tierra del Fuego","Ushuaia, Tierra del Fuego","Ushuaia, Tierra del Fuego","Ushuaia, Tierra del Fuego",169,,,2513,active,,
1276,Uturoa,Uturoa,Uturoa,Uturoa,192,65,115,2026,active,,
1277,Uvita,Uvita,Uvita,Uvita,161,,23,2515,active,,
1278,Uyuni,Uyuni,Uyuni,Uyuni,170,,4,2518,active,,119557
1279,Vacy,Vacy,Vacy,Vacy,186,49,,,active,,
1280,Vaimaanga,Vaimaanga,Vaimaanga,Vaimaanga,190,66,117,2029,active,,
1281,Vaitape,Vaitape,Vaitape,Vaitape,192,6,14,243,active,,
1282,Valparaiso,Valparaiso,Valparaiso,Valparaiso,172,,121,2523,active,,
1283,Vanaira Bay,Vanaira Bay,Vanaira Bay,Vanaira Bay,191,,151,2528,active,,
1284,,Vancouver,,,182,,,,active,,121442
1285,Vanua Levu,Vanua Levu,Vanua Levu,Vanua Levu,191,93,151,2528,active,,
1286,Vao,Vao,Vao,Vao,196,,,929,active,,
1287,Varadero,Varadero,Varadero,Varadero,162,,161,,active,,121966
1288,Victor Harbor,Victor Harbor,Victor Harbor,Victor Harbor,186,77,131,2538,active,,
1289,Victoria,Victoria,Victoria,Victoria,52,,,1950,in review,,
1290,Victoria Falls,Victoria Falls,Victoria Falls,Victoria Falls,46,,152,2540,in review,,3514
1291,"Victoria Falls, Livingstone","Victoria Falls, Livingstone","Victoria Falls, Livingstone","Victoria Falls, Livingstone",37,,,,active,,
1292,"Victoria, Mahé Island","Victoria, Mahé Island","Victoria, Mahé Island","Victoria, Mahé Island",52,,,,active,,
1293,Vientiane,Vientiane,Vientiane,Vientiane,66,,,2542,active,,4112
1294,Vila Mogol,Vila Mogol,Vila Mogol,Vila Mogol,171,43,15,2712,active,,
1295,Vilanculos,Vilanculos,Vilanculos,Vilanculos,27,,,2543,active,,8870
1296,,Vilnius,,,105,,,,active,,121925
1297,Vlissingen,Vlissingen,Vlissingen,Vlissingen,207,,,,active,,
1298,Volcano National Park,Volcano National Park,Volcano National Park,Volcano National Park,184,23,10,,active,,
1299,Volcano Village,Volcano Village,Volcano Village,Volcano Village,184,23,10,,active,,
1300,Vomo Island,Vomo Island,Vomo Island,Vomo Island,191,38,76,1370,active,,
1301,Vulkan Arenal,Vulkan Arenal,Vulkan Arenal,Vulkan Arenal,161,,,,active,,
1302,Waiheke Island,Waiheke Island,Waiheke Island,Waiheke Island,188,51,7,2562,active,,
1303,Waihi,Waihi,Waihi,Waihi,188,51,,478,active,,
1304,Waikoloa,Waikoloa,Waikoloa,Waikoloa,184,23,10,,active,,
1305,Wailea,Wailea,Wailea,Wailea,184,23,80,,active,,
1306,Waimarama,Waimarama,Waimarama,Waimarama,188,,,,active,,
1307,Waimea,Waimea,Waimea,Waimea,184,23,57,,active,,
1308,Waipoua Forest,Waipoua Forest,Waipoua Forest,Waipoua Forest,188,51,99,2566,active,,
1309,,Waitangi,,,188,,,,active,,115256
1310,Waitomo,Waitomo,Waitomo,Waitomo,188,51,22,2568,active,,115252
1311,Waitomo Caves,Waitomo Caves,Waitomo Caves,Waitomo Caves,188,,,,active,,
1312,Waitomo Village,Waitomo Village,Waitomo Village,Waitomo Village,188,,,2568,active,,
1313,Waiyevo,Waiyevo,Waiyevo,Waiyevo,191,86,146,2385,active,,
1314,,Walindi Plantation Resort,,,198,,,,active,,121271
1315,Walpole,Walpole,Walpole,Walpole,186,98,142,2572,active,,
1316,Walvis Bay,Walvis Bay,Walvis Bay,Walvis Bay,28,,,,active,,83358
1317,Wanaka,Wanaka,Wanaka,Wanaka,188,81,106,2574,active,,
1318,Wanganui,Wanganui,Wanganui,Wanganui,188,51,156,2575,in review,,
1319,Warkworth,Warkworth,Warkworth,Warkworth,188,51,7,2578,active,,
1320,Warrnambool,Warrnambool,Warrnambool,Warrnambool,186,95,43,2579,active,,
1321,,Washington DC,,,182,,,,active,,121811
1322,Watamu,Watamu,Watamu,Watamu,17,,,2583,active,,
1323,"Wave Rock, Hyden","Wave Rock, Hyden","Wave Rock, Hyden","Wave Rock, Hyden",186,98,142,925,active,,
1324,Welgevonden Game Reserve,Welgevonden Game Reserve,Welgevonden Game Reserve,Welgevonden Game Reserve,37,35,97,2590,active,,
1325,Welgevonden Private Game Reserve,Welgevonden Private Game Reserve,Welgevonden Private Game Reserve,Welgevonden Private Game Reserve,37,,97,2590,active,,
1326,Wellington,Wellington,Wellington,Wellington,188,51,159,2592,in review,,3495
1327,Wellington 6011,Wellington 6011,Wellington 6011,Wellington 6011,188,,,112,active,,
1328,Wellington Airport (Rongotai),Wellington Airport (Rongotai),Wellington Airport (Rongotai),Wellington Airport (Rongotai),188,,,,active,,
1329,Wellington-Rongotai,Wellington-Rongotai,Wellington-Rongotai,Wellington-Rongotai,188,,,,active,,
1330,,Westküste,Westküste,Westküste,52,,,,in review,,121932
1331,Westport,Westport,Westport,Westport,188,81,160,2601,active,,
1332,Whakatane,Whakatane,Whakatane,Whakatane,188,51,9,2080,active,,
1333,Whangamata,Whangamata,Whangamata,Whangamata,188,,,478,active,,
1334,Whangarei,Whangarei,Whangarei,Whangarei,188,,,,active,,
1335,Whistler,Whistler,Whistler,Whistler,182,,,,active,,121594
1336,White River,White River,White River,White River,37,45,109,2614,active,,
1337,Whitehorse,Whitehorse,Whitehorse,Whitehorse,182,101,,2616,active,,121468
1338,Whitianga,Whitianga,Whitianga,Whitianga,188,51,22,478,active,,
1339,Wiesbaden,Wiesbaden,Wiesbaden,Wiesbaden,213,,,,active,,
1340,Willagee,Willagee,Willagee,Willagee,186,98,,,active,,
1341,Williamstown North,Williamstown North,Williamstown North,Williamstown North,186,95,,,active,,
1342,Wilpena,Wilpena,Wilpena,Wilpena,186,77,35,2709,active,,
1343,Wilpena Pound,Wilpena Pound,Wilpena Pound,Wilpena Pound,186,77,35,665,active,,
1344,Wilson Island,Wilson Island,Wilson Island,Wilson Island,186,63,42,,active,,
1345,"Wilsons Promontory, Tidal River","Wilsons Promontory, Tidal River","Wilsons Promontory, Tidal River","Wilsons Promontory, Tidal River",186,95,134,2638,active,,
1346,"Wilsons Promontory, Yanakie","Wilsons Promontory, Yanakie","Wilsons Promontory, Yanakie","Wilsons Promontory, Yanakie",186,95,134,2638,active,,
1347,Windhoek,Windhoek,Windhoek,Windhoek,28,,127,2639,active,,3521
1348,Windhoek (Southern Industrial Area),Windhoek (Southern Industrial Area),Windhoek (Southern Industrial Area),Windhoek (Southern Industrial Area),28,,,,active,,
1349,"Windhoek, airport","Windhoek, airport","Windhoek, airport","Windhoek, airport",28,,,,active,,
1350,"Windhoek, Klein-Windhoek","Windhoek, Klein-Windhoek","Windhoek, Klein-Windhoek","Windhoek, Klein-Windhoek",28,,127,2639,active,,
1351,"Windhoek, Prosperitas","Windhoek, Prosperitas","Windhoek, Prosperitas","Windhoek, Prosperitas",28,,,,active,,
1352,"Winnellie, Darwin","Winnellie, Darwin","Winnellie, Darwin","Winnellie, Darwin",186,55,,,active,,
1353,,Winnipeg,,,182,,,,active,,121467
1354,"Wolgan Valley, Blue Mountains","Wolgan Valley, Blue Mountains","Wolgan Valley, Blue Mountains","Wolgan Valley, Blue Mountains",186,49,11,228,active,,
1355,"Wolmar, Flic en Flac","Wolmar, Flic en Flac","Wolmar, Flic en Flac","Wolmar, Flic en Flac",51,,162,1449,active,,
1356,"Wolmar, Flic en Flax","Wolmar, Flic en Flax","Wolmar, Flic en Flax","Wolmar, Flic en Flax",51,,139,1449,active,,
1357,,Xanten,,,105,,,,active,,121928
1358,"Xpu-Ha, Quintana Roo","Xpu-Ha, Quintana Roo","Xpu-Ha, Quintana Roo","Xpu-Ha, Quintana Roo",166,,164,,active,,
1359,Yallingup,Yallingup,Yallingup,Yallingup,186,98,142,2660,active,,
1360,Yangon,Yangon,Yangon,Yangon,70,,,2661,active,,119588;4115
1361,"Yanque, Colca","Yanque, Colca","Yanque, Colca","Yanque, Colca",178,,,2663,active,,
1362,Yaqeta Island,Yaqeta Island,Yaqeta Island,Yaqeta Island,191,100,163,2666,active,,
1363,Yasawas,Yasawas,Yasawas,Yasawas,191,100,163,2666,in review,,
1364,,Yellowknife,,,182,,,,active,,121581
1365,Yeppoon,Yeppoon,Yeppoon,Yeppoon,186,63,130,2672,active,,
1366,"Yering, Yarra Valley","Yering, Yarra Valley","Yering, Yarra Valley","Yering, Yarra Valley",186,95,134,2665,active,,
1367,,Yogyakarta,,Abel Tasman National Park,60,,,,active,,101930
1368,Yucay,Yucay,Yucay,Yucay,178,,,864,active,,
1369,"Yucay, Urubamba","Yucay, Urubamba","Yucay, Urubamba","Yucay, Urubamba",178,,25,864,active,,
1370,Yungaburra,Yungaburra,Yungaburra,Yungaburra,186,63,150,106,active,,
1371,Zanzibar,Zanzibar,Zanzibar,Zanzibar,38,,,2686,active,,3530
1372,"Zorritos, Tumbes","Zorritos, Tumbes","Zorritos, Tumbes","Zorritos, Tumbes",178,,93,2690,active,,
1373,Zürich,Zürich,Zürich,Zürich,136,,,,active,,
